-- =============================================================================
-- Abhinaya Cinemas — Historical DCR backfill — SCRIPT 1: CATALOG
-- Run on the console's Supabase DB (the one the app uses). STAGING first.
-- Idempotent. After this, run the entry chunks 02_entries_partN.sql in order.
--
-- Populates BOTH the config JSONB (what the app reads) AND the normalized
-- catalog tables (movies/classes/screens/price_cards) that the live DB's
-- consistency trigger enforces. cinema_id is taken from the existing screens.
-- =============================================================================
-- 0) Safety: confirm we're on the console DB
do $$
begin
  if to_regclass('public.config') is null or to_regclass('public.entries') is null then
    raise exception 'config/entries tables not found — run this on the Abhinaya DCR database.';
  end if;
end $$;

-- 1) CONFIG JSONB merge (classes, seat layouts, price cards, movies)
do $$
declare
  d jsonb; new_classes jsonb := '[{"id": "a1_bal", "name": "Balcony", "gstPct": 18}, {"id": "a1_uc", "name": "U.Circle", "gstPct": 12}, {"id": "a1_c1", "name": "1st Circle", "gstPct": 12}, {"id": "a1_e2_lng", "name": "Lounge (2022-23)", "gstPct": 18}, {"id": "a1_e2_prm", "name": "Prime (2022-23)", "gstPct": 18}, {"id": "a1_e2_clb", "name": "Club (2022-23)", "gstPct": 18}, {"id": "a1_e3_lng", "name": "Lounge (2023)", "gstPct": 18}, {"id": "a1_e3_prm", "name": "Prime (2023)", "gstPct": 18}, {"id": "a1_e3_clb", "name": "Club (2023)", "gstPct": 18}, {"id": "a1_rc_lng", "name": "Lounge (2023-26)", "gstPct": 18}, {"id": "a1_rc_prm", "name": "Prime (2023-26)", "gstPct": 18}, {"id": "a1_rc_clb", "name": "Club (2023-26)", "gstPct": 18}, {"id": "a2_g200", "name": "Gold (2019-23)", "gstPct": 18}, {"id": "a2_g160", "name": "Gold (2023-24)", "gstPct": 18}, {"id": "a2_s40", "name": "Silver (2023-24)", "gstPct": 18}, {"id": "a2_bal", "name": "Balcony (Audi 2)", "gstPct": 18}, {"id": "a2_c1", "name": "1st Circle (Audi 2)", "gstPct": 12}]'::jsonb; a1_classes jsonb := '[{"classId": "cls_royale", "seats": 21}, {"classId": "cls_lounge", "seats": 166}, {"classId": "cls_prime", "seats": 412}, {"classId": "a1_bal", "seats": 220, "active": false}, {"classId": "a1_uc", "seats": 255, "active": false}, {"classId": "a1_c1", "seats": 198, "active": false}, {"classId": "a1_e2_lng", "seats": 199, "active": false}, {"classId": "a1_e2_prm", "seats": 196, "active": false}, {"classId": "a1_e2_clb", "seats": 217, "active": false}, {"classId": "a1_e3_lng", "seats": 199, "active": false}, {"classId": "a1_e3_prm", "seats": 252, "active": false}, {"classId": "a1_e3_clb", "seats": 161, "active": false}, {"classId": "a1_rc_lng", "seats": 199, "active": false}, {"classId": "a1_rc_prm", "seats": 387, "active": false}, {"classId": "a1_rc_clb", "seats": 26, "active": false}]'::jsonb;
  a2_classes jsonb := '[{"classId": "1u1lpa4", "seats": 90}, {"classId": "lp9hi7s", "seats": 180}, {"classId": "bsl9hd8", "seats": 20}, {"classId": "a2_g200", "seats": 200, "active": false}, {"classId": "a2_g160", "seats": 160, "active": false}, {"classId": "a2_s40", "seats": 40, "active": false}, {"classId": "a2_bal", "seats": 90, "active": false}, {"classId": "a2_c1", "seats": 200, "active": false}]'::jsonb; a1_cards jsonb := '[{"id": "h6b422a", "name": "Hist 110/160/140", "prices": {"a1_e3_lng": 160.0, "a1_e3_prm": 140.0, "a1_e3_clb": 110.0}}, {"id": "h19c053", "name": "Hist 110/160/140", "prices": {"a1_rc_lng": 160.0, "a1_rc_prm": 140.0, "a1_rc_clb": 110.0}}, {"id": "hed0d4a", "name": "Hist 180/150/350", "prices": {"cls_royale": 350.0, "a1_rc_lng": 180.0, "a1_rc_prm": 150.0}}, {"id": "hba8c16", "name": "Hist 180/150/290", "prices": {"cls_royale": 290.0, "a1_rc_lng": 180.0, "a1_rc_prm": 150.0}}, {"id": "h7599a7", "name": "Hist 130/80/110", "prices": {"a1_bal": 130.0, "a1_uc": 110.0, "a1_c1": 80.0}}, {"id": "h2edb67", "name": "Hist 110/140", "prices": {"a1_rc_prm": 140.0, "a1_rc_clb": 110.0}}, {"id": "hcb2a05", "name": "Hist 110/160/140", "prices": {"a1_e2_lng": 160.0, "a1_e2_prm": 140.0, "a1_e2_clb": 110.0}}, {"id": "h0e862c", "name": "Hist 120/75/105", "prices": {"a1_bal": 120.0, "a1_uc": 105.0, "a1_c1": 75.0}}, {"id": "h6f0b27", "name": "Hist 105/160/140", "prices": {"a1_rc_lng": 160.0, "a1_rc_prm": 140.0, "a1_rc_clb": 105.0}}, {"id": "h555d66", "name": "Hist 105/180/150", "prices": {"a1_rc_lng": 180.0, "a1_rc_prm": 150.0, "a1_rc_clb": 105.0}}, {"id": "h54c366", "name": "Hist 110/180/150", "prices": {"a1_rc_lng": 180.0, "a1_rc_prm": 150.0, "a1_rc_clb": 110.0}}, {"id": "he7c1d1", "name": "Hist 110/180/160", "prices": {"a1_rc_lng": 180.0, "a1_rc_prm": 160.0, "a1_rc_clb": 110.0}}, {"id": "ha995eb", "name": "Hist 160/140", "prices": {"a1_rc_lng": 160.0, "a1_rc_prm": 140.0}}, {"id": "hec1e84", "name": "Hist 180/160/390", "prices": {"cls_royale": 390.0, "a1_rc_lng": 180.0, "a1_rc_prm": 160.0}}, {"id": "heca8e2", "name": "Hist 180/150", "prices": {"a1_rc_lng": 180.0, "a1_rc_prm": 150.0}}, {"id": "h90aa57", "name": "Hist 180/150/390", "prices": {"cls_royale": 390.0, "a1_rc_lng": 180.0, "a1_rc_prm": 150.0}}, {"id": "hfd0bb8", "name": "Hist 180/160", "prices": {"a1_rc_lng": 180.0, "a1_rc_prm": 160.0}}]'::jsonb; a2_cards jsonb := '[{"id": "h4573e5", "name": "Hist 110/140", "prices": {"1u1lpa4": 140.0, "a2_g200": 110.0}}, {"id": "h0d17fd", "name": "Hist 140/110", "prices": {"a2_bal": 140.0, "a2_c1": 110.0}}, {"id": "h159175", "name": "Hist 140/105/150", "prices": {"1u1lpa4": 150.0, "lp9hi7s": 140.0, "bsl9hd8": 105.0}}, {"id": "h7b4961", "name": "Hist 130/110/140", "prices": {"1u1lpa4": 140.0, "a2_g160": 130.0, "a2_s40": 110.0}}, {"id": "hd3ce9d", "name": "Hist 140/110/150", "prices": {"1u1lpa4": 150.0, "lp9hi7s": 140.0, "bsl9hd8": 110.0}}, {"id": "h61c20e", "name": "Hist 140/150", "prices": {"1u1lpa4": 150.0, "lp9hi7s": 140.0}}]'::jsonb;
  new_movies jsonb := '[{"id": "mh0105fab5", "name": "AASHAAN", "distributor": "WAYFARER FILMS", "release": "2026-02-05", "share": 60}, {"id": "mh01179191", "name": "BRAMAYUGAM", "distributor": "AAN MEGA MEDIA", "release": "2024-02-15", "share": 60}, {"id": "mh0142673d", "name": "BANDRA", "distributor": "VINAYAKA FILMS", "release": "2023-11-10", "share": 60}, {"id": "mh01498365", "name": "KANNUR SQUAD", "distributor": "WAYFARER FILMS", "release": "2023-09-28", "share": 60}, {"id": "mh01f355d8", "name": "PARIWAR", "distributor": "", "release": "2025-03-07", "share": 60}, {"id": "mh04b31a89", "name": "PREKAMBANAM", "distributor": "NAVARASA FILMS", "release": "2026-01-30", "share": 55}, {"id": "mh04b3fb1f", "name": "Adrishyam", "distributor": "century", "release": "2022-11-18", "share": 60}, {"id": "mh04bd2d54", "name": "RRR (MALAYALAM) 3D", "distributor": "HR PICTURES", "release": "2022-03-25", "share": 55}, {"id": "mh05f09d14", "name": "KOLLA", "distributor": "AYYAPPA MOVIES", "release": "2023-06-09", "share": 60}, {"id": "mh06147a56", "name": "MAHA VEERYAR", "distributor": "PAULY JR RELEASE", "release": "2022-07-22", "share": 60}, {"id": "mh06df7eb0", "name": "MADURA MANOHARA MOHAM", "distributor": "RD ILLUMINATIONS", "release": "2023-06-16", "share": 40}, {"id": "mh07595079", "name": "MANJUMMEL BOYS", "distributor": "DREAM BIG FILMS", "release": "2024-02-22", "share": 60}, {"id": "mh07789868", "name": "LITTLE HEARTS", "distributor": "SANDRA PRODUCTIONS", "release": "2024-06-07", "share": 60}, {"id": "mh079e7bc3", "name": "MISS SHETTY MR POLISHETTY", "distributor": "", "release": "2023-09-15", "share": 50}, {"id": "mh0817575f", "name": "KAANTHA", "distributor": "WAYFARER FILMS", "release": "2025-11-14", "share": 55}, {"id": "mh0853ad1a", "name": "NEYYATTINKARA GOPANTE AARATTU", "distributor": "RD ILUMINATIONS", "release": "2022-02-18", "share": 60}, {"id": "mh08768818", "name": "pushpaka vimanam", "distributor": "arifa productions", "release": "2024-10-04", "share": 60}, {"id": "mh0889b600", "name": "SAMSHAYAM", "distributor": "1895 STUDIOS", "release": "2025-05-16", "share": 60}, {"id": "mh093c094e", "name": "MARIVILLIN GOPURGAL", "distributor": "KOKERS MEDIA", "release": "2024-05-10", "share": 60}, {"id": "mh098ee2a2", "name": "JAILER", "distributor": "SREE GOKULAM MOVIES", "release": "2023-08-10", "share": 55}, {"id": "mh0a3ccedf", "name": "VALIMAI", "distributor": "E4 ENTERTAINMENTS", "release": "2022-02-24", "share": 55}, {"id": "mh0a544abe", "name": "oru kattile oru muri", "distributor": "sapta tharaga creations", "release": "2024-10-04", "share": 60}, {"id": "mh0b706e64", "name": "SATURDAY NIGHTS", "distributor": "ajith vinayaka films pvt ltd", "release": "2022-11-04", "share": 60}, {"id": "mh0beb1138", "name": "VAAZHA", "distributor": "ICON CINEMAS", "release": "2024-08-15", "share": 60}, {"id": "mh0c71d5eb", "name": "CHATHA PACHA", "distributor": "WAYFARER FILMS", "release": "2026-01-22", "share": 60}, {"id": "mh0de5ea70", "name": "GOLAM", "distributor": "FRAGRANT", "release": "2024-06-14", "share": 60}, {"id": "mh0de88de2", "name": "SAMBHAVAM ADHYAYAM 1", "distributor": "NALLA CINEMA PRODUCTIONS PVT LTD", "release": "2026-03-06", "share": 60}, {"id": "mh0df0c1c0", "name": "MERI AWAS SUNO", "distributor": "REJAPUTHRA RELEASE", "release": "2022-05-13", "share": 60}, {"id": "mh0ff5665c", "name": "DASARA", "distributor": "E4 ENTERTAINMENTS", "release": "2023-03-30", "share": 50}, {"id": "mh1168a740", "name": "dragon", "distributor": "E4 ENTERTAINMENTS", "release": "2025-03-01", "share": 40}, {"id": "mh11a4f422", "name": "NALLA NILAVULLA RATHRI", "distributor": "GOODWILL ENTERTAINMENTS", "release": "2023-06-30", "share": 60}, {"id": "mh12ea5f61", "name": "The Pet Detective", "distributor": "Dream Big Films", "release": "2025-10-16", "share": 60}, {"id": "mh14e9d6d8", "name": "LOKAH CHAPTER 1 C", "distributor": "WAYFARER FILMS", "release": "2025-08-30", "share": 60}, {"id": "mh151546d1", "name": "THIRUMALI", "distributor": "ANGEL MARIA", "release": "2022-01-27", "share": 60}, {"id": "mh15a8dd34", "name": "VAA VAATHIYAAR", "distributor": "DREAM BIG", "release": "2026-01-14", "share": 50}, {"id": "mh15f1da09", "name": "MAHAVEERYAR", "distributor": "PAULY JR RELEASE", "release": "2022-07-21", "share": 60}, {"id": "mh17314c5d", "name": "ABHYUHAM", "distributor": "E4 ENTERTAINMENTS", "release": "2023-07-21", "share": 50}, {"id": "mh177247c0", "name": "VILAAYATH BUDHA", "distributor": "URVASHI THEATERES", "release": "2025-11-21", "share": 60}, {"id": "mh186af174", "name": "THANNEER MATHAN DINAGAL", "distributor": "CENTRAL PICTURES", "release": "2019-08-01", "share": 60}, {"id": "mh19b9b634", "name": "AZADI", "distributor": "CENTRAL PICTURES", "release": "2025-05-23", "share": 60}, {"id": "mh1a5cc4a0", "name": "UDAL", "distributor": "SREE GOKULAM MOVIES", "release": "2022-05-20", "share": 60}, {"id": "mh1b260373", "name": "NUNAKUZHI", "distributor": "AASHIRVAD RELEASE", "release": "2024-08-15", "share": 60}, {"id": "mh1b796614", "name": "SU FROM SU", "distributor": "wayfarer films", "release": "2025-08-01", "share": 50}, {"id": "mh1bde7c38", "name": "DJIBUTY", "distributor": "BLUE HILL NAFL COMMUNICATION", "release": "2022-01-01", "share": 60}, {"id": "mh1cb017fa", "name": "MAREESHAN", "distributor": "E4 ENTERTAINMENTS", "release": "2025-07-25", "share": 55}, {"id": "mh22454cb5", "name": "ANDROID KUNJAPPAN 5.25", "distributor": "MOONSHOT ENTERTAINMENTS", "release": "2019-11-08", "share": 50}, {"id": "mh25f59461", "name": "TURBO", "distributor": "WAYFARER FILMS", "release": "2024-05-23", "share": 60}, {"id": "mh272b7c56", "name": "OFFICER ON DUTY", "distributor": "THE GREEN ROOM", "release": "2025-02-25", "share": 60}, {"id": "mh275122d0", "name": "SAHASAM", "distributor": "CENTRAL PICTURES", "release": "2025-08-08", "share": 60}, {"id": "mh27776056", "name": "ITTIMANI MADE IN CHINA", "distributor": "AASHIRVAD RELASE", "release": "2019-09-06", "share": 60}, {"id": "mh2792c802", "name": "FACE OF FACELESS", "distributor": "CENTRAL PICTURES", "release": "2023-11-21", "share": 60}, {"id": "mh288639b0", "name": "NEYYATTINKARA GOPANTE AARAATTU", "distributor": "R D ILUMINATIONS", "release": "2022-02-18", "share": 60}, {"id": "mh28fa8949", "name": "JSK", "distributor": "DREAM BIG FILMS", "release": "2025-07-25", "share": 50}, {"id": "mh2a8b99cd", "name": "PARANNU PARANNU", "distributor": "AAN MEGA MEDIA", "release": "2025-01-31", "share": 60}, {"id": "mh2aa3f679", "name": "TRON:ARES", "distributor": "", "release": "2025-10-10", "share": 55}, {"id": "mh2bb67982", "name": "ROMANCHAM", "distributor": "CENTRAL PICTURES", "release": "2023-02-03", "share": 60}, {"id": "mh2c25efeb", "name": "MARANA MASS", "distributor": "ICON CINEMAS", "release": "2025-04-10", "share": 60}, {"id": "mh2c72a85f", "name": "MANICHITRATHAZHU", "distributor": "E4 ENTERTAINMENTS", "release": "2024-08-23", "share": 45}, {"id": "mh2cb14202", "name": "DUDE", "distributor": "", "release": "2025-10-17", "share": 50}, {"id": "mh2d424107", "name": "HANUMAN", "distributor": "DREAM BIG FILMS", "release": "2024-01-19", "share": 45}, {"id": "mh2e76c5fb", "name": "INDIA VS NEW ZEALAND", "distributor": "Digital 18 Media Private Limited", "release": "2026-03-08", "share": 50}, {"id": "mh2f30c9af", "name": "TWO MEN", "distributor": "D GROUP", "release": "2022-08-05", "share": 60}, {"id": "mh2fafde97", "name": "VETTAIYAN", "distributor": "DREAM BIG FILMS", "release": "2024-10-10", "share": 55}, {"id": "mh2fc9cd3b", "name": "THE MARVELS", "distributor": "UTV", "release": "2023-11-10", "share": 55}, {"id": "mh315f4777", "name": "KURUKKAN", "distributor": "VARNACHITHRA BIG SCREEN", "release": "2023-07-27", "share": 60}, {"id": "mh31c0578a", "name": "THATTASSERY KOOTTAM", "distributor": "MANJUNATHA", "release": "2022-11-11", "share": 60}, {"id": "mh322166e8", "name": "IDIYAN CHANTHU", "distributor": "happy productions", "release": "2024-07-19", "share": 60}, {"id": "mh32592ce7", "name": "IRATTA CHANKAN", "distributor": "", "release": "2023-08-18", "share": 50}, {"id": "mh3352050a", "name": "THOLVI FC", "distributor": "CENTRAL PICTURES", "release": "2023-11-03", "share": 60}, {"id": "mh3445cd56", "name": "DAVEED", "distributor": "CENTURY FILMS", "release": "2025-02-14", "share": 60}, {"id": "mh35f1e035", "name": "KING OF KOTHA", "distributor": "WAYFARER FILMS", "release": "2023-08-24", "share": 60}, {"id": "mh361c7f08", "name": "CHRISTOPHER", "distributor": "RD ILLUMINATIONS", "release": "2023-02-09", "share": 60}, {"id": "mh36575540", "name": "THUNDU", "distributor": "CENTRAL PICTURES", "release": "2024-02-16", "share": 60}, {"id": "mh36e6eda3", "name": "KALKI 2898 AD", "distributor": "WAYFARER FILMS", "release": "2024-07-12", "share": 40}, {"id": "mh36f726fd", "name": "CBI 5", "distributor": "SWARGACHITHRA RELEASE", "release": "2022-05-01", "share": 60}, {"id": "mh371e70b4", "name": "KALAMKAVAL", "distributor": "MAMMOOTTY COMPANY", "release": "2025-12-05", "share": 60}, {"id": "mh37502934", "name": "MASTISHKA MARANAM", "distributor": "AJITH VINAYAKA FILMS PVT LTD", "release": "2026-02-27", "share": 60}, {"id": "mh37634e44", "name": "VALATHU VASHATHE KALLAN", "distributor": "GOODWILL ENTERTAINMENTS", "release": "2026-01-30", "share": 60}, {"id": "mh37b9e6f0", "name": "PADAVETTU", "distributor": "CENTURY", "release": "2022-10-21", "share": 60}, {"id": "mh37e38dcd", "name": "NARAYAMANTE MOONANMAKKAL", "distributor": "GOODWILL ENETERTAINMENTS", "release": "2025-02-07", "share": 60}, {"id": "mh381591d9", "name": "THOR:LOVE AND THUNDER", "distributor": "UTV", "release": "2022-07-07", "share": 55}, {"id": "mh384cd0f0", "name": "HRIDAYAPURVAM", "distributor": "AASHIRVAD CINEMAS PVT LTD", "release": "2025-08-28", "share": 60}, {"id": "mh38da5086", "name": "KADHA INNUVARE", "distributor": "ICON CINEMAS", "release": "2024-09-20", "share": 60}, {"id": "mh3919f141", "name": "ANOMIE :THE EQUATION OF DEATH", "distributor": "PANORAMA STUDIO INTERNATIONAL LTD", "release": "2026-02-06", "share": 60}, {"id": "mh3986dd09", "name": "kill", "distributor": "jawahar films", "release": "2024-07-12", "share": 50}, {"id": "mh39a52105", "name": "BAAHUBALI THE EPIC", "distributor": "CENTURY RELEASE", "release": "2025-10-31", "share": 50}, {"id": "mh3b5e0773", "name": "CHOTTA MUMBAI", "distributor": "MANIYANPILLA RAJU PRODUCTIONS", "release": "2025-06-06", "share": 50}, {"id": "mh3e155e1e", "name": "CHATHURAM", "distributor": "REMYA FILMS", "release": "2022-12-12", "share": 50}, {"id": "mh3e6ac4a4", "name": "JACK AND DANIEL", "distributor": "THAMEENS FILMS", "release": "2019-11-15", "share": 50}, {"id": "mh3e8baf5b", "name": "ATHI BHEEKARA KAAMUKAN", "distributor": "CENTURY FILMS", "release": "2025-11-14", "share": 60}, {"id": "mh3ec45429", "name": "PARASAKTI", "distributor": "DREAM BIG FILMS", "release": "2026-01-10", "share": 50}, {"id": "mh3f3f33f6", "name": "OUSEPHINTE OSYATHU", "distributor": "CENTRAL PICTURES", "release": "2025-03-07", "share": 60}, {"id": "mh4246029c", "name": "ADU JEEVITHAM", "distributor": "MAGIC FRAMES", "release": "2024-03-28", "share": 60}, {"id": "mh4283fce3", "name": "DHURANDHAR (MALAYALAM)", "distributor": "PVR INOX PICTURES", "release": "2026-03-27", "share": 48}, {"id": "mh43851ae6", "name": "RDX", "distributor": "WEEKEND BLOCKBUSTERS", "release": "2023-08-25", "share": 60}, {"id": "mh43a1f2ec", "name": "THUPPAKI", "distributor": "ARIFA PICTURES", "release": "2024-06-21", "share": 40}, {"id": "mh43b76df7", "name": "ANAND SREEBALA", "distributor": "AAN MEGA MEDIA RELEASE", "release": "2024-11-15", "share": 60}, {"id": "mh4615224d", "name": "DANCE PARTY", "distributor": "CENTRAL PICTURES", "release": "2023-12-01", "share": 60}, {"id": "mh470dad21", "name": "rahel makan kora", "distributor": "skj films", "release": "2023-10-13", "share": 60}, {"id": "mh470f0910", "name": "AVATAR 3D", "distributor": "DISNEY", "release": "2022-12-16", "share": 55}, {"id": "mh49b42c0d", "name": "AADU 3", "distributor": "FRIDAY FILM HOUSE", "release": "2026-03-19", "share": 60}, {"id": "mh4a1c62b6", "name": "MIRAGE", "distributor": "NAAD SSTUDIOS", "release": "2025-09-19", "share": 60}, {"id": "mh4b05e4bd", "name": "journey of love 18+", "distributor": "icon cinemas", "release": "2023-07-07", "share": 60}, {"id": "mh4c8ac105", "name": "THANKAM", "distributor": "BHAVANA RELEASE", "release": "2023-01-26", "share": 60}, {"id": "mh4c9cc79c", "name": "THALAVAN", "distributor": "CENTRAL PICTURES", "release": "2024-06-06", "share": 50}, {"id": "mh4d05fc42", "name": "MEPPADIYAN", "distributor": "GOODWILL ENTERTAINMENTS", "release": "2022-01-14", "share": 60}, {"id": "mh4d1086dc", "name": "SWARGAM", "distributor": "CN GLOBAL MOVIES", "release": "2024-11-08", "share": 60}, {"id": "mh4dcc5810", "name": "RAAYAN", "distributor": "DREAM BIG FILMS", "release": "2024-07-26", "share": 50}, {"id": "mh4e4999f8", "name": "BROMANCE", "distributor": "CENTRAL PICTURES", "release": "2025-02-14", "share": 60}, {"id": "mh4f08ed5d", "name": "PUSHPA", "distributor": "E4 ENTERTAINMENTS", "release": "2022-01-01", "share": 50}, {"id": "mh4f263e3d", "name": "SAIYAARA", "distributor": "JAWAHAR FILMS", "release": "2025-07-25", "share": 50}, {"id": "mh4f60bc17", "name": "PERUMANI", "distributor": "CENTURY FILMS", "release": "2024-05-10", "share": 60}, {"id": "mh4fc30ca8", "name": "KAAPPA", "distributor": "THEATRE OF DREAMS", "release": "2022-12-22", "share": 60}, {"id": "mh4fdb7cc3", "name": "BHARATHA CIRCUS", "distributor": "Best Way Entertainments", "release": "2022-12-09", "share": 60}, {"id": "mh50341260", "name": "KIRKAN", "distributor": "mampra cinemas", "release": "2023-07-21", "share": 50}, {"id": "mh508c0fe6", "name": "SANTACRUZ", "distributor": "chitteth film house", "release": "2022-07-01", "share": 60}, {"id": "mh509f4e7f", "name": "ORU JATHY JAATHAKAM", "distributor": "VARNACHITRA RELEASE", "release": "2025-02-06", "share": 60}, {"id": "mh50bb5fc3", "name": "JAWAN(tamil)", "distributor": "SREE GOKULAM MOVIES", "release": "2023-09-07", "share": 55}, {"id": "mh519d8f13", "name": "THANEER MATHAN DINAGAL", "distributor": "CENTRAL PICTURES", "release": "2019-08-08", "share": 55}, {"id": "mh51d78240", "name": "OTTA", "distributor": "CENTURY", "release": "2023-10-27", "share": 60}, {"id": "mh51f96701", "name": "ANDROID KUNJAPPAN", "distributor": "MOONSHOT ENTERTAINMENTS", "release": "2019-11-15", "share": 50}, {"id": "mh55ae3905", "name": "ASHAKAL AAYIRAM", "distributor": "DREAM BIG", "release": "2026-02-06", "share": 60}, {"id": "mh56213005", "name": "MURA", "distributor": "HR PICTURES", "release": "2024-11-08", "share": 60}, {"id": "mh5696bdd8", "name": "KISHKINDHA KANDAM", "distributor": "GOODWILL ENETRTAINMENTS", "release": "2024-09-15", "share": 60}, {"id": "mh569c6a9c", "name": "KHAJURAHO DREAMS", "distributor": "ASHIRVAD RELEASE", "release": "2025-12-05", "share": 60}, {"id": "mh56f7030f", "name": "MANICHITHRATHAZHU", "distributor": "E4 ENTERTAINMENTS", "release": "2024-08-17", "share": 45}, {"id": "mh57707316", "name": "PRAVINKOODU SHAPPU", "distributor": "A & A RELEASE", "release": "2025-01-16", "share": 60}, {"id": "mh57e5b5c4", "name": "PALLICHATTAMBI", "distributor": "WORLD WIDE FILMS", "release": "2026-04-15", "share": 60}, {"id": "mh580b2eaa", "name": "KANNAPPA", "distributor": "AASHIRVAD CINEMAS", "release": "2025-06-27", "share": 55}, {"id": "mh59ff1ead", "name": "JAWAN(hindi)", "distributor": "SREE GOKULAM MOVIES", "release": "2023-09-07", "share": 55}, {"id": "mh5a91b94b", "name": "ANIMAL", "distributor": "E4 ENTERTAINMENTS", "release": "2023-12-08", "share": 50}, {"id": "mh5b11962d", "name": "CUP", "distributor": "CENTURY", "release": "2024-09-27", "share": 60}, {"id": "mh5c8b0364", "name": "PATHONPATHAM NOOTTANDU", "distributor": "SREE GOKULAM MOVIES", "release": "2022-09-08", "share": 60}, {"id": "mh5cfd9efa", "name": "KALAMKAAVAL", "distributor": "WAYFARER FILMS", "release": "2025-12-18", "share": 55}, {"id": "mh5de19b7f", "name": "RRR (MALAYALAM) 2D", "distributor": "HR PICTURES", "release": "2022-03-25", "share": 55}, {"id": "mh5e5add81", "name": "REKHACHITRAM", "distributor": "KAVYA FILM COMPANY", "release": "2025-01-09", "share": 60}, {"id": "mh5fe70f90", "name": "LOVE ACTION DRAMA", "distributor": "FUNTASTIC FILMS", "release": "2019-09-05", "share": 60}, {"id": "mh61217b0d", "name": "VARSHAGALKKU SHESHAM", "distributor": "MERRYLAND CINEMAS", "release": "2024-04-11", "share": 60}, {"id": "mh62021381", "name": "ANCHAKALLAKOKKAN", "distributor": "CENTURY", "release": "2024-03-15", "share": 60}, {"id": "mh623cfc6e", "name": "SALAAR", "distributor": "MAGIC FRAMES", "release": "2023-12-22", "share": 55}, {"id": "mh62569d2d", "name": "NADANA SAMBAVAM", "distributor": "ANUP KANNAN STORIES", "release": "2024-06-21", "share": 60}, {"id": "mh62570cd3", "name": "PADACHONE INGALU KATHOLIN", "distributor": "CENTURY", "release": "2022-11-24", "share": 60}, {"id": "mh645770b2", "name": "DOMANIC AND THE LADIES PURSE", "distributor": "WAYFARER FILMS", "release": "2025-01-23", "share": 60}, {"id": "mh649c341b", "name": "ORU THEKKAN THALLU CASE", "distributor": "E4 ENTERTAINMENT", "release": "2022-09-08", "share": 60}, {"id": "mh6546c702", "name": "BARBIE", "distributor": "celebrate cinema", "release": "2023-07-21", "share": 50}, {"id": "mh673c3906", "name": "POOVAN", "distributor": "CENTRAL PICTURES", "release": "2023-01-20", "share": 60}, {"id": "mh676de5ba", "name": "JAPAN", "distributor": "E4 ENTERTAINMENTS", "release": "2023-11-10", "share": 50}, {"id": "mh67a66d86", "name": "VEERAME VAAGAI SOODU", "distributor": "FORTUNE CINEMAS", "release": "2022-02-05", "share": 50}, {"id": "mh68558f13", "name": "BOUGAINVILEA", "distributor": "A & A RELEASE", "release": "2024-10-17", "share": 60}, {"id": "mh689981ea", "name": "AVIYAL", "distributor": "POCKET 3Q² PRODUCTIONS", "release": "2022-04-07", "share": 50}, {"id": "mh68f977fd", "name": "PADMINI", "distributor": "central pictures", "release": "2023-07-14", "share": 60}, {"id": "mh69989ec4", "name": "LEO", "distributor": "DREAM BIG FILMS", "release": "2023-10-19", "share": 55}, {"id": "mh6a3bda94", "name": "AADU JEEVITHAM", "distributor": "MAGIC FRAMES", "release": "2024-03-28", "share": 60}, {"id": "mh6aad7dc0", "name": "ANTONY", "distributor": "DREAM BIG FILMS", "release": "2023-12-01", "share": 60}, {"id": "mh6abeca5e", "name": "ARCHANA 31ST NOT OUT", "distributor": "ICON CINEMAS", "release": "2022-02-11", "share": 60}, {"id": "mh6ac1817b", "name": "MR AND MS ROWDY", "distributor": "CENTRAL PICTURES", "release": "2019-02-28", "share": 50}, {"id": "mh6aff3aae", "name": "ITHIRI NERAM", "distributor": "MANKIND CINEMAS", "release": "2025-11-07", "share": 60}, {"id": "mh6c11052c", "name": "MAHESHUM MARUTHIYUM", "distributor": "SHOWBIZ STUDIOS", "release": "2023-03-10", "share": 60}, {"id": "mh6d6e55b5", "name": "RIFLE CLUB", "distributor": "DREAM BIG FILMS", "release": "2024-12-19", "share": 60}, {"id": "mh6e06c443", "name": "AUTORIKSHAKARATE BHARYA", "distributor": "BENZY PRODUCTIONS", "release": "2022-10-28", "share": 60}, {"id": "mh6ec1e481", "name": "VIDAMUYARCHI", "distributor": "DREAMBIG FILMS", "release": "2025-02-06", "share": 55}, {"id": "mh6f42e068", "name": "THEEPPORI BENNY", "distributor": "CENTRAL PICTURES", "release": "2023-09-22", "share": 60}, {"id": "mh6f65c807", "name": "THALLUMAALA", "distributor": "CENTRAL PICTURES", "release": "2022-08-12", "share": 60}, {"id": "mh6f6f78ea", "name": "INDIAN 2", "distributor": "DREAM BIG FILMS", "release": "2024-07-12", "share": 55}, {"id": "mh6faa0998", "name": "SUPERMAN 2D", "distributor": "CELEBRATE CINEAMS", "release": "2025-07-11", "share": 50}, {"id": "mh725c8aab", "name": "FANTASTIC 4", "distributor": "STAR INDIA PVT LTD", "release": "2025-07-25", "share": 55}, {"id": "mh728ce6db", "name": "AJAGAJANTHARAM", "distributor": "CENTRAL PICTURES", "release": "2022-01-01", "share": 55}, {"id": "mh7324d71a", "name": "avatar 3D english", "distributor": "disney", "release": "2022-12-16", "share": 55}, {"id": "mh7356d445", "name": "SOMANTE KRITHAVU", "distributor": "CENTURY FILMS", "release": "2023-10-06", "share": 60}, {"id": "mh73aa6d6d", "name": "HRIDAYAM", "distributor": "MERRYLAND CINEMAS", "release": "2022-01-21", "share": 60}, {"id": "mh73c96d65", "name": "OFFICER", "distributor": "GREEN ROOM RELEASE", "release": "2025-03-17", "share": 40}, {"id": "mh7409a197", "name": "NERU", "distributor": "AASHIRVAD CINEMAS", "release": "2023-12-21", "share": 60}, {"id": "mh7424c1cb", "name": "THRISHANKU", "distributor": "E4 ENTERTAINMENTS", "release": "2023-05-26", "share": 60}, {"id": "mh745698f3", "name": "JIGARTHANDA DOUBLE X", "distributor": "WAYFARER FILMS", "release": "2023-11-12", "share": 50}, {"id": "mh74a49d49", "name": "VIKRAM", "distributor": "HR PICTURES", "release": "2022-06-03", "share": 55}, {"id": "mh74f6b9eb", "name": "GHILLI", "distributor": "DREAM BIG FILMS", "release": "2024-04-26", "share": 40}, {"id": "mh75455a59", "name": "GAME CHANGER", "distributor": "E4 ENTERTAINMENTS", "release": "2025-01-10", "share": 50}, {"id": "mh7670e6c8", "name": "DEMON SLAYER", "distributor": "", "release": "2025-09-12", "share": 50}, {"id": "mh782a72d1", "name": "GET SET BABY", "distributor": "SKANDA CINEMAS", "release": "2025-02-21", "share": 60}, {"id": "mh784fca7c", "name": "THUNIV", "distributor": "SREE GOKULAM MOVIES", "release": "2023-01-13", "share": 55}, {"id": "mh789c0558", "name": "DEVADOOTHAN", "distributor": "KOKERS MEDIA ENTERTAINMENTS", "release": "2024-07-26", "share": 40}, {"id": "mh78b75ca2", "name": "DHEERAN", "distributor": "ICON CINEMAS", "release": "2025-07-04", "share": 60}, {"id": "mh79e406e4", "name": "THELIVU", "distributor": "ITHIKA PRODUCTIONS", "release": "2019-10-18", "share": 50}, {"id": "mh7a25dd63", "name": "SOLOMANTE THENICHAKAL", "distributor": "LJ FILMS", "release": "2022-08-18", "share": 60}, {"id": "mh7ac10bff", "name": "SARVAM MAYA", "distributor": "CENTRAL PICTURES", "release": "2025-12-25", "share": 60}, {"id": "mh7b06e504", "name": "ULLASAM", "distributor": "KAITHAMATTOM BROTHERS", "release": "2022-07-01", "share": 60}, {"id": "mh7b5b908a", "name": "BABY GIRL", "distributor": "MAGIC FRAMES", "release": "2026-01-23", "share": 60}, {"id": "mh7d22e494", "name": "SOOKSHMADARSHINI", "distributor": "BHAVANA STUDIOS", "release": "2024-11-22", "share": 60}, {"id": "mh7e26dd4c", "name": "COOLIE", "distributor": "HM ASSOCIATES PRIVATE LTD", "release": "2025-08-14", "share": 55}, {"id": "mh7f01f46e", "name": "MOON WALK", "distributor": "MAGIC FRAMES", "release": "2025-05-30", "share": 60}, {"id": "mh7f6343df", "name": "Dridam", "distributor": "E4 Entertainments", "release": "2026-05-08", "share": 60}, {"id": "mh7f98480f", "name": "SUMATHIVALAVU 1", "distributor": "DREAM BIG FILMS", "release": "2025-08-08", "share": 55}, {"id": "mh7fc3535a", "name": "CORONA PAPERS", "distributor": "FOUR FRAMES", "release": "2023-04-06", "share": 60}, {"id": "mh80aeabd6", "name": "AGILAN", "distributor": "SMK RELEASE", "release": "2023-03-10", "share": 50}, {"id": "mh82218d0f", "name": "INDINA JONES", "distributor": "utv software communication pvt ltd", "release": "2023-06-29", "share": 50}, {"id": "mh8222c100", "name": "MANMADHA LEELAI", "distributor": "Horizon Studio Release", "release": "2022-04-02", "share": 50}, {"id": "mh82801722", "name": "FACE OF THE FACELESS", "distributor": "CENTRAL PICTURES", "release": "2023-11-17", "share": 60}, {"id": "mh82934d47", "name": "KALKI", "distributor": "CENTRAL PICTURES", "release": "2019-08-08", "share": 60}, {"id": "mh829bb89c", "name": "LOKAH", "distributor": "WAYFARER FILMS", "release": "2025-08-30", "share": 60}, {"id": "mh82ba5e37", "name": "drishaym 3", "distributor": "Aashirvad Cinemas", "release": "2026-05-21", "share": 60}, {"id": "mh8321be3e", "name": "AVIHITHAM", "distributor": "E4 ENTERTAINMNETS", "release": "2025-10-09", "share": 60}, {"id": "mh83ab46b2", "name": "DEADPOOL & WOLVERINE", "distributor": "", "release": "2024-07-26", "share": 55}, {"id": "mh83d4bd87", "name": "UNITED KINGDOM OF KERALA", "distributor": "CENTURY", "release": "2025-06-20", "share": 60}, {"id": "mh848c05dd", "name": "VAATHIL", "distributor": "CINE RELEASE", "release": "2023-09-23", "share": 50}, {"id": "mh848c763f", "name": "ELAVEEZHA POONCHIRA", "distributor": "CENTRAL PICTURES", "release": "2022-07-15", "share": 40}, {"id": "mh84ddfb34", "name": "2018", "distributor": "", "release": "2023-05-05", "share": 60}, {"id": "mh856a0f54", "name": "KANTARA: A LEGEND CHAPTER 1", "distributor": "MAGIC FRAMES", "release": "2025-10-02", "share": 55}, {"id": "mh85f7f87e", "name": "POKKIRI", "distributor": "VARNACHITRA RELEASE", "release": "2024-06-21", "share": 40}, {"id": "mh874cd639", "name": "PRAKASHAN PARAKKATTE", "distributor": "FUNTASTIC FILMS", "release": "2022-06-17", "share": 60}, {"id": "mh87fdc521", "name": "PAINKILI", "distributor": "BHAVANA STUDIOUS", "release": "2025-02-14", "share": 60}, {"id": "mh8955c999", "name": "KGF CHAPTER 2", "distributor": "MAGIC FRAMES", "release": "2022-04-14", "share": 55}, {"id": "mh89a1533c", "name": "MASTER", "distributor": "MAGIC FRAMES", "release": "2021-01-13", "share": 60}, {"id": "mh8a1fe5d7", "name": "RORSCHACH", "distributor": "WAYFARER RELEASE", "release": "2022-10-21", "share": 40}, {"id": "mh8b533fce", "name": "NADIKAR", "distributor": "AAN MEGA MEDIA", "release": "2024-05-03", "share": 60}, {"id": "mh8b871f20", "name": "KOSHICHANAYATE PARAMBU", "distributor": "", "release": "2022-09-24", "share": 50}, {"id": "mh8ba2a1fb", "name": "MALIKAPURAM", "distributor": "AAN MEGA MEDIA", "release": "2022-12-30", "share": 55}, {"id": "mh8bb54eb5", "name": "SULEKHA MANSIL", "distributor": "CENTURY", "release": "2023-04-21", "share": 60}, {"id": "mh8dc914a4", "name": "DIES IRAE", "distributor": "E4 EXPERIMENTS", "release": "2025-11-14", "share": 50}, {"id": "mh8eb3c79e", "name": "KARAM", "distributor": "MERRYLAND CINEMAS", "release": "2025-09-25", "share": 60}, {"id": "mh8f0bfeb4", "name": "POOKKALLAM", "distributor": "CNC CINEMAS", "release": "2023-04-09", "share": 60}, {"id": "mh8f15b978", "name": "NIGHT DRIVE", "distributor": "AAN MEGA MEDIA", "release": "2022-03-11", "share": 60}, {"id": "mh8f9088ea", "name": "SARKEET", "distributor": "AJITH VINAYAKA FILMS", "release": "2025-05-08", "share": 60}, {"id": "mh8f979ef6", "name": "GUMASTHAN", "distributor": "AAN MEGA MEDIA", "release": "2024-09-27", "share": 60}, {"id": "mh9220cde1", "name": "GURUVAYOOR AMBALANADAYIL", "distributor": "E4 ENTERTAINMENTS", "release": "2024-05-16", "share": 60}, {"id": "mh92ad91e2", "name": "POOKKALAM", "distributor": "CNC CINEMAS", "release": "2023-04-09", "share": 60}, {"id": "mh92e55f9e", "name": "The Teacher", "distributor": "century", "release": "2022-12-02", "share": 60}, {"id": "mh94100c7e", "name": "NADANNA SAMBAVAM", "distributor": "", "release": "2024-06-27", "share": 60}, {"id": "mh94f4a1c4", "name": "MIKE", "distributor": "CENTURY", "release": "2022-08-19", "share": 60}, {"id": "mh9564eedc", "name": "PAPPACHAN OLIVILANU", "distributor": "THOMAS THIRUVALLA FILMS", "release": "2023-08-04", "share": 60}, {"id": "mh957e8db8", "name": "ANWESHPIN KANDETHUM", "distributor": "THEATRE OF DREAMS", "release": "2024-02-09", "share": 60}, {"id": "mh95bbee33", "name": "SUMMER IN BETHLEHEM", "distributor": "KOKERS CINEMA", "release": "2025-12-12", "share": 40}, {"id": "mh9758a8ed", "name": "RONTH", "distributor": "FESTIVAL CINEMAS", "release": "2025-06-13", "share": 60}, {"id": "mh9763d1b4", "name": "LITTLE MERMAID 3D", "distributor": "UTV", "release": "2023-05-26", "share": 55}, {"id": "mh985bf7b5", "name": "COBRA", "distributor": "E4 ENTERTAINMENTS", "release": "2022-08-31", "share": 55}, {"id": "mh98704eee", "name": "PATTAMBIRAMAN", "distributor": "ABBAM FILM RELEASE", "release": "2019-08-23", "share": 60}, {"id": "mh99a7448c", "name": "LIGER", "distributor": "DREAM BIG FILMS", "release": "2022-08-25", "share": 50}, {"id": "mh9a00f000", "name": "aadachayi", "distributor": "", "release": "2025-01-17", "share": 30}, {"id": "mh9a978cb1", "name": "BIGIL", "distributor": "MAGIC FRAMES", "release": "2019-10-25", "share": 50}, {"id": "mh9a9e96c2", "name": "CHRISTY", "distributor": "CENTRAL PICTURES", "release": "2023-02-17", "share": 60}, {"id": "mh9b42aa2a", "name": "VELLARI PATTANAM", "distributor": "FULLON STUDIOS", "release": "2023-03-24", "share": 60}, {"id": "mh9b985e7a", "name": "FIGHT CLUB", "distributor": "DREAM BIG FILMS", "release": "2023-12-15", "share": 50}, {"id": "mh9cb1631c", "name": "PULIMADA", "distributor": "AAN MEGA MEDIA", "release": "2023-10-26", "share": 60}, {"id": "mh9cdb11ae", "name": "JACKSON BAZZAR YOUTH", "distributor": "CENTRAL PICTURES", "release": "2023-05-19", "share": 60}, {"id": "mh9d5133e6", "name": "BLACK PANTHER WAKANDA FOREVER", "distributor": "UTV SOFTWARE COMMUNICATION PVT LTD", "release": "2022-11-11", "share": 55}, {"id": "mh9dad2178", "name": "PALTHU JANWAR", "distributor": "BHAVANA STUDIOS", "release": "2022-09-02", "share": 60}, {"id": "mh9f33350c", "name": "AVATHAR 3D", "distributor": "UTV SOFTWARE COMMUNICATION PVT LTD", "release": "2022-09-23", "share": 55}, {"id": "mha0f5d981", "name": "barroz", "distributor": "aashirvad release", "release": "2024-12-25", "share": 60}, {"id": "mha14bdcab", "name": "MALAIKOTTAI VALIBAN", "distributor": "CENTURY", "release": "2024-01-25", "share": 60}, {"id": "mha3c0aa42", "name": "AADHYA RATHRI", "distributor": "CENTRAL PICTURES", "release": "2019-10-04", "share": 50}, {"id": "mha3c78b9c", "name": "BISON KAALAMAADAN", "distributor": "HM ASSOCIATES", "release": "2025-10-17", "share": 50}, {"id": "mha3eb3c73", "name": "VIDUTHALAI", "distributor": "HR PICTURES", "release": "2023-03-31", "share": 50}, {"id": "mha3ef95af", "name": "EMPURAAN", "distributor": "Aashirvad Release", "release": "2025-03-27", "share": 60}, {"id": "mha43aa272", "name": "RUDHIRAM", "distributor": "DREAM BIG FILMS", "release": "2024-12-13", "share": 60}, {"id": "mha48f44cc", "name": "VYSANA SAMTHAM BANDHUMITHRATHIKAL", "distributor": "ICON CINEMAS", "release": "2025-06-20", "share": 45}, {"id": "mha52e9e24", "name": "SITHARAMAM", "distributor": "WAYFARER FILMS", "release": "2022-08-05", "share": 55}, {"id": "mha85d36c9", "name": "RORSHACH", "distributor": "WAYFARER FILMS", "release": "2022-10-07", "share": 60}, {"id": "mha8bbc3e6", "name": "VEDIKKATTU", "distributor": "DREAM BIG FILMS", "release": "2023-02-03", "share": 60}, {"id": "mhaa14ca09", "name": "NO TIME TO DIE", "distributor": "CELEBRATE CINEMA", "release": "2021-10-27", "share": 50}, {"id": "mhaa491df9", "name": "SPA", "distributor": "SPARAYIL CREATIONS", "release": "2026-02-13", "share": 60}, {"id": "mhacc43f17", "name": "PUSHPA THE RULE", "distributor": "E4 ENTERTAINMENTS", "release": "2024-12-05", "share": 55}, {"id": "mhacfec28e", "name": "ENTHADA SAJI", "distributor": "MAGIC  FRAMES", "release": "2023-04-08", "share": 60}, {"id": "mhad7b9991", "name": "Bharathanatyam 2 Mohiniyattam", "distributor": "THOMAS THIRUVALLA FILMS", "release": "2026-04-10", "share": 60}, {"id": "mhaeebaf8d", "name": "ODUM KUTHIRA CHADUM KUTHIRA", "distributor": "CENTRAL PICTURES", "release": "2025-08-29", "share": 60}, {"id": "mhaef8e86d", "name": "BEAST", "distributor": "MAGIC FRAMES", "release": "2022-04-13", "share": 55}, {"id": "mhaf4ad534", "name": "chaaver", "distributor": "kavya films", "release": "2023-10-05", "share": 60}, {"id": "mhaf743202", "name": "pranaya vilasam", "distributor": "THE GREEN ROOM", "release": "2023-02-24", "share": 60}, {"id": "mhb0355c79", "name": "VAAZHA 2", "distributor": "ICON CINEMAS", "release": "2026-04-02", "share": 60}, {"id": "mhb04a2748", "name": "GANAGANDARVAN", "distributor": "AAN MEGA MEDIA", "release": "2019-09-27", "share": 60}, {"id": "mhb0c9d4db", "name": "DETECTIVE UJJAWALAN", "distributor": "WEEKEND BLOCKBUSTERS", "release": "2025-05-23", "share": 60}, {"id": "mhb13c631e", "name": "THEERPU", "distributor": "FRIDAY TICKETS", "release": "2022-08-25", "share": 60}, {"id": "mhb16f7449", "name": "RAVANAPRABHU", "distributor": "AASHIRVAD CINEMAS", "release": "2025-10-10", "share": 50}, {"id": "mhb19de8d3", "name": "JO & JO", "distributor": "ICON CINEMAS", "release": "2022-05-13", "share": 60}, {"id": "mhb1cdf357", "name": "JACK & JILL", "distributor": "JOY MOVIE PRODUCTIONS LLP", "release": "2022-05-20", "share": 60}, {"id": "mhb272c5f2", "name": "KALLANUM BHAGAVATHIYUM", "distributor": "EAST COAST COMMUNICATIONS PVT LTD", "release": "2023-03-31", "share": 60}, {"id": "mhb298af61", "name": "THALLUMALA", "distributor": "CENTRAL PICTURES", "release": "2022-08-12", "share": 60}, {"id": "mhb2c64811", "name": "BAD BOYS", "distributor": "E4 ENTERTAINMENTS", "release": "2024-09-13", "share": 60}, {"id": "mhb36298ee", "name": "DHOOMAM", "distributor": "MAGIC FRAMES", "release": "2023-06-23", "share": 60}, {"id": "mhb56ea62d", "name": "KADUVA", "distributor": "MAGIC FRAMES", "release": "2022-07-07", "share": 60}, {"id": "mhb6a40464", "name": "KURUKSHETRA", "distributor": "REDAKH ARTS", "release": "2019-10-18", "share": 50}, {"id": "mhb6aeea9c", "name": "ALONE", "distributor": "AASHIRVAD CINEMAS", "release": "2023-01-26", "share": 60}, {"id": "mhb6c350b2", "name": "A RANJITH CINEMA", "distributor": "jupiter pictures", "release": "2023-12-08", "share": 60}, {"id": "mhb72265eb", "name": "PREMALU", "distributor": "BHAVANA STUDIOES", "release": "2024-02-09", "share": 55}, {"id": "mhb8dd0665", "name": "THUDARUM", "distributor": "RAJAPUTHRA VISUAL MEDIA", "release": "2025-04-25", "share": 60}, {"id": "mhb9c25ae6", "name": "KAATHAL", "distributor": "WAYFARER FILMS", "release": "2023-11-23", "share": 60}, {"id": "mhbabbed36", "name": "THE GREATEST OF ALL TIME", "distributor": "DREAM BIG FILMS", "release": "2024-09-05", "share": 55}, {"id": "mhbaeeeaae", "name": "DOCTOR STRANGE", "distributor": "UTV SOFTWARE COMMUNICATION LTD", "release": "2022-05-06", "share": 55}, {"id": "mhbb5ba0ea", "name": "KARAM 1", "distributor": "MERRYLAND CINEMAS", "release": "2025-09-25", "share": 60}, {"id": "mhbb7f0d79", "name": "IRAIVAN", "distributor": "DREAM BIG FILMS", "release": "2023-09-28", "share": 50}, {"id": "mhbcf7c8e5", "name": "PRAAVU", "distributor": "WAYFARER FILMS", "release": "2023-09-15", "share": 50}, {"id": "mhbd05d365", "name": "LUCIFER", "distributor": "Aashirvad Release", "release": "2025-03-20", "share": 40}, {"id": "mhbdb1b5f0", "name": "POR THOZHIL", "distributor": "E4 ENTERTAINMENTS", "release": "2023-06-09", "share": 50}, {"id": "mhbe14874d", "name": "DHURANDHAR", "distributor": "PVR INOX PICTURES", "release": "2026-03-18", "share": 52}, {"id": "mhbe690e03", "name": "BHARATHANATYAM", "distributor": "THOMAS THIRUVALLA FILMS", "release": "2024-08-30", "share": 60}, {"id": "mhbf62eb73", "name": "NANPAKAL NERATHU MAYAKAM", "distributor": "WAYFARER FILMS", "release": "2023-01-19", "share": 60}, {"id": "mhbfd9f84b", "name": "PUSHPA 2", "distributor": "E4 ENTERTAINMENTS", "release": "2024-12-05", "share": 55}, {"id": "mhc472b909", "name": "TRANSFORMERS", "distributor": "E4 ENTERTAINMENTS", "release": "2023-06-09", "share": 55}, {"id": "mhc5a1d812", "name": "LUCKY BASKER", "distributor": "WAYFARER FILMS", "release": "2024-10-31", "share": 50}, {"id": "mhc608d476", "name": "hello mummy", "distributor": "dream big films", "release": "2024-11-21", "share": 60}, {"id": "mhc611bdca", "name": "PATRIOT", "distributor": "AAN MEGA MEDIA", "release": "2026-05-01", "share": 60}, {"id": "mhc6465cb7", "name": "MAKAL", "distributor": "CENTRAL  PICTURES", "release": "2022-04-29", "share": 60}, {"id": "mhc6c9e88d", "name": "VILAAYATHU BUDHA", "distributor": "URVASHI THEATERS", "release": "2025-11-25", "share": 60}, {"id": "mhc72baba5", "name": "NARIVETTA", "distributor": "ICON CINEMAS", "release": "2025-05-23", "share": 60}, {"id": "mhc79f5c15", "name": "KONDAAL", "distributor": "WEEKEND BLOCKBUSTERS", "release": "2024-09-13", "share": 60}, {"id": "mhc7d4bc1b", "name": "FALIMY", "distributor": "ICON CINEMAS", "release": "2023-11-17", "share": 60}, {"id": "mhc7fa6757", "name": "Alappuzha Gymkhana", "distributor": "Central Pictures", "release": "2025-04-10", "share": 60}, {"id": "mhc8087758", "name": "KALKI 2898D", "distributor": "WAYFARER FILMS", "release": "2024-06-27", "share": 55}, {"id": "mhc80e9641", "name": "PHOENIX", "distributor": "CENTRAL PICTURES", "release": "2023-11-17", "share": 60}, {"id": "mhc886802a", "name": "MUFASA", "distributor": "DISNEY", "release": "2024-12-20", "share": 55}, {"id": "mhc936d0c3", "name": "MEMBER REMESHAN 9 WARD", "distributor": "CENTURY", "release": "2022-02-25", "share": 60}, {"id": "mhc9b17a07", "name": "KINGDOM OF THE PLANET OF THE APES", "distributor": "UTV", "release": "2024-05-10", "share": 50}, {"id": "mhca94cab8", "name": "BOUGAINVILLEA", "distributor": "A & A RELEASE", "release": "2024-10-24", "share": 50}, {"id": "mhcb82766e", "name": "KAAPA", "distributor": "", "release": "2022-12-30", "share": 55}, {"id": "mhccda1828", "name": "MAHARANI", "distributor": "AAN MEGA MEDIA", "release": "2023-11-24", "share": 60}, {"id": "mhcd7ecfd6", "name": "PANI", "distributor": "DREAM BIG FILMS", "release": "2024-10-24", "share": 60}, {"id": "mhcfaa4dad", "name": "BHA BHA BAA", "distributor": "DREAM BIG FILMS", "release": "2025-12-18", "share": 60}, {"id": "mhcfccc829", "name": "kanuguva", "distributor": "dream big films", "release": "2024-11-14", "share": 55}, {"id": "mhd0d957c6", "name": "VIDUTHALAI PART -1", "distributor": "HR PICTURES", "release": "2023-03-31", "share": 50}, {"id": "mhd1a7d5e3", "name": "THEKKU VADAKKU", "distributor": "", "release": "2024-10-04", "share": 60}, {"id": "mhd1c6add4", "name": "JOHN LUTHER", "distributor": "CENTURY", "release": "2022-05-27", "share": 60}, {"id": "mhd3bad427", "name": "THUG LIFE", "distributor": "SREE GOKULAM MOVIES", "release": "2025-06-05", "share": 55}, {"id": "mhd4d83252", "name": "Pennu Case", "distributor": "E4 ENTERTAINMENTS", "release": "2026-01-09", "share": 60}, {"id": "mhd509cde7", "name": "PONNIYIN SELVAN 2", "distributor": "SREE GOKULAM MOVIES", "release": "2023-04-28", "share": 55}, {"id": "mhd5a73d25", "name": "MANOHARAM", "distributor": "CENTURY FILMS", "release": "2019-09-27", "share": 60}, {"id": "mhd5b14744", "name": "Grrr…", "distributor": "magic frames", "release": "2024-06-14", "share": 60}, {"id": "mhd6e0666a", "name": "iyer in arabia", "distributor": "wealth I productions", "release": "2024-02-02", "share": 60}, {"id": "mhd6fb4c1f", "name": "VOICE OF SATHYANATHAN", "distributor": "BADHUSHA CINEMAS", "release": "2023-07-28", "share": 60}, {"id": "mhd7147730", "name": "HRIDAYAPOORVAM", "distributor": "AASHIRVAD CINEMAS LLP", "release": "2025-09-11", "share": 50}, {"id": "mhd749b84c", "name": "KABZAA", "distributor": "E4 ENTERTAINMENTS", "release": "2023-03-17", "share": 50}, {"id": "mhd78cca6f", "name": "SHAFEEQINTE SANTHOSHAM", "distributor": "GOODWILL", "release": "2022-11-25", "share": 60}, {"id": "mhd8156d3c", "name": "IDENTITY", "distributor": "DREAM BIG FILMS", "release": "2025-01-02", "share": 60}, {"id": "mhd8472bf6", "name": "AM AH", "distributor": "KAPPI PRODUCTIONS", "release": "2025-01-24", "share": 60}, {"id": "mhd852d885", "name": "KOTHU", "distributor": "Central pictures", "release": "2022-09-16", "share": 60}, {"id": "mhd86fb81c", "name": "Saudi Velleka", "distributor": "urvashi", "release": "2022-12-02", "share": 60}, {"id": "mhd87e6943", "name": "JOKER", "distributor": "CAPITAL CINEMAS", "release": "2019-10-11", "share": 50}, {"id": "mhd9227474", "name": "PONNIYIN SELVAN 1", "distributor": "SREE GOKULAM MOVIES", "release": "2022-09-30", "share": 55}, {"id": "mhd92661f8", "name": "LOVELY", "distributor": "OPM CINEMAS", "release": "2025-05-16", "share": 60}, {"id": "mhdb1690c1", "name": "SNOW WHITE", "distributor": "", "release": "2025-03-21", "share": 50}, {"id": "mhdb2833df", "name": "JAWAN", "distributor": "DREAM BIG FILMS", "release": "2023-09-15", "share": 45}, {"id": "mhdb478df9", "name": "Prince & the Family", "distributor": "Magic frames", "release": "2025-05-18", "share": 55}, {"id": "mhdb7d7e1e", "name": "AAVESHAM", "distributor": "A&A RELEASE", "release": "2024-04-11", "share": 60}, {"id": "mhdb99a5b3", "name": "TRON 1", "distributor": "", "release": "2025-10-12", "share": 55}, {"id": "mhdbc5c27a", "name": "DIES ERAE", "distributor": "E4 EXPERIMENTS", "release": "2025-10-30", "share": 60}, {"id": "mhdbff19c0", "name": "VEERAN", "distributor": "REMYA FILMS", "release": "2023-06-02", "share": 45}, {"id": "mhdc55ee8e", "name": "HAAL", "distributor": "JVJ PRODUCTIONS", "release": "2026-01-02", "share": 60}, {"id": "mhdd4f1efb", "name": "SANTHOSHAM", "distributor": "GOODWILL ENTERTAINMENTS", "release": "2023-02-24", "share": 60}, {"id": "mhdd8d08a5", "name": "PADA", "distributor": "E4 ENTERTAINMENT", "release": "2022-03-11", "share": 60}, {"id": "mhddfec077", "name": "BALTI", "distributor": "MOON SHOT ENTERTAINMENTS", "release": "2025-09-26", "share": 60}, {"id": "mhe07f8344", "name": "SPADIKAM", "distributor": "SMK RELEASE", "release": "2023-02-09", "share": 50}, {"id": "mhe19a6d86", "name": "KADINA KADORAMEE ANDAKADAKAM", "distributor": "RAJAPUTRA RELEASE", "release": "2023-04-21", "share": 60}, {"id": "mhe19dcf6c", "name": "JAYA JAYA JAYA HE", "distributor": "ICON CINEMAS", "release": "2022-10-28", "share": 60}, {"id": "mhe372b200", "name": "PACHUVUM ALBUTHAVILAKUM", "distributor": "KALASANGAM", "release": "2023-04-28", "share": 60}, {"id": "mhe40e7295", "name": "ADIOS AMIGO", "distributor": "CENTRAL PICTURES", "release": "2024-08-09", "share": 60}, {"id": "mhe4b042ef", "name": "SUMATHI VALAVU", "distributor": "DREAM BIG FILMS", "release": "2025-08-01", "share": 60}, {"id": "mhe6e28c42", "name": "1744 WHITE ALTO", "distributor": "DREAM BIG FILMS", "release": "2022-11-18", "share": 60}, {"id": "mhe7019b1a", "name": "MANDHAKINI", "distributor": "SPIRE PRODUCTIONS", "release": "2024-06-07", "share": 60}, {"id": "mhe7c59ca5", "name": "abraham ozler", "distributor": "aan mega media", "release": "2024-01-11", "share": 60}, {"id": "mhe8051155", "name": "VEERA DHEERA SOORAN", "distributor": "HR PICTURES", "release": "2025-04-03", "share": 50}, {"id": "mhe8c38304", "name": "NAARADHAN", "distributor": "OPM CINEMAS", "release": "2022-03-03", "share": 60}, {"id": "mhea006876", "name": "ROI ROI BINALE", "distributor": "GOENKA ENTERPRISES", "release": "2025-11-01", "share": 45}, {"id": "mheb234a50", "name": "DOMINIC AND THE LADIES PURSE", "distributor": "WAYFARE FILMS", "release": "2025-01-31", "share": 40}, {"id": "mheb763e2e", "name": "JANAKI V Vs STATE OF KERALA", "distributor": "DREAM BIG FILMS", "release": "2025-07-17", "share": 60}, {"id": "mhebfb637f", "name": "AVATAR :Fire and Ash", "distributor": "JIOSTAR INDIA PVT LTD", "release": "2025-12-19", "share": 55}, {"id": "mhec1c285f", "name": "THALAVARA", "distributor": "CENTRAL PICTURES", "release": "2025-08-22", "share": 60}, {"id": "mhece5ba8d", "name": "INNOCENT", "distributor": "CENTURY FILMS", "release": "2025-11-07", "share": 60}, {"id": "mhee9cc68e", "name": "EKO", "distributor": "ICON CINEMAS", "release": "2025-11-21", "share": 60}, {"id": "mhef0847c7", "name": "MACHANTE MALAKA", "distributor": "DREAM BIG FILMS", "release": "2025-02-27", "share": 60}, {"id": "mhef9dbfac", "name": "MALAYANKUNJU", "distributor": "CENTURY", "release": "2022-07-22", "share": 60}, {"id": "mhf2bf108d", "name": "KOCHAAL", "distributor": "CENTURY", "release": "2022-06-10", "share": 60}, {"id": "mhf5244ab9", "name": "RAVEENDRA NEE EVIDE", "distributor": "ABAAM FILMS", "release": "2025-07-18", "share": 60}, {"id": "mhf5a28ce4", "name": "MEI HOOM MOOSA", "distributor": "CENTRAL PICTURES", "release": "2022-09-30", "share": 60}, {"id": "mhf6528a9e", "name": "AYALVASHI", "distributor": "CENTRAL PICTURES", "release": "2023-04-21", "share": 60}, {"id": "mhf6deeb01", "name": "PAAPPAN", "distributor": "DREAM BIG FILMS", "release": "2022-07-29", "share": 60}, {"id": "mhf7de6774", "name": "VISHUDHA MEJO", "distributor": "CNC CINEMAS", "release": "2022-09-16", "share": 60}, {"id": "mhf92d99d9", "name": "ULLOZHUKKU", "distributor": "CENTRAL PICTURES", "release": "2024-06-21", "share": 60}, {"id": "mhf93262d8", "name": "ORU JAATHI ORU JAATHAKAM", "distributor": "VARNACHITHRAFILMS", "release": "2025-01-31", "share": 60}, {"id": "mhf93a38d2", "name": "NALPATHIYONNU", "distributor": "LJ FILMS", "release": "2019-11-08", "share": 50}, {"id": "mhf9ace68e", "name": "VYSANA SAMETHAM BANDHUMITHRATHIKAL", "distributor": "ICON CINEMAS", "release": "2025-06-13", "share": 60}, {"id": "mhf9d42fb4", "name": "THUNIVU", "distributor": "SREE GOKULAM MOVIES", "release": "2023-01-11", "share": 55}, {"id": "mhfa827d13", "name": "DEAR FRIEND", "distributor": "CENTRAL PICTURES", "release": "2022-06-10", "share": 60}, {"id": "mhfaa37ff1", "name": "SUPER ZINDAGI", "distributor": "DREAM BIG FILMS", "release": "2024-08-09", "share": 50}, {"id": "mhfafa37b5", "name": "THANKAMANI", "distributor": "DREAM BIG FILMS", "release": "2024-03-07", "share": 60}, {"id": "mhfb9d22de", "name": "BHEESHMA PARVAM", "distributor": "A&A RELEASE", "release": "2022-03-03", "share": 60}, {"id": "mhfc6e9cfa", "name": "SUPER SHARANYA", "distributor": "CENTRAL PICTURES", "release": "2022-01-07", "share": 60}, {"id": "mhfdb04584", "name": "Written & Directed by God", "distributor": "GOODWILL FILMS", "release": "2025-06-05", "share": 60}, {"id": "mhfdd3a8eb", "name": "MONSTER", "distributor": "AASHIRVAD RELEASE", "release": "2022-10-21", "share": 60}, {"id": "mhfeb15cfc", "name": "SOOTHRAVAKYAM", "distributor": "CENTURY", "release": "2025-07-11", "share": 60}]'::jsonb; screens jsonb := '[]'::jsonb; scr jsonb;
begin
  select data into d from public.config where id = 1;
  if d is null then d := '{}'::jsonb; end if;
  d := jsonb_set(d, '{classes}', (
    select coalesce(jsonb_agg(c),'[]'::jsonb) from (
      select c from jsonb_array_elements(coalesce(d->'classes','[]'::jsonb)) c
      union all select c from jsonb_array_elements(new_classes) c
      where (c->>'id') not in (select x->>'id' from jsonb_array_elements(coalesce(d->'classes','[]'::jsonb)) x)
    ) t));
  for scr in select * from jsonb_array_elements(coalesce(d->'screens','[]'::jsonb)) loop
    if scr->>'id' = '7gwkvh9' then
      scr := jsonb_set(scr,'{classes}', a1_classes);
      scr := jsonb_set(scr,'{priceCards}', (select coalesce(jsonb_agg(c),'[]'::jsonb) from (
        select c from jsonb_array_elements(coalesce(scr->'priceCards','[]'::jsonb)) c
        union all select c from jsonb_array_elements(a1_cards) c
        where (c->>'id') not in (select x->>'id' from jsonb_array_elements(coalesce(scr->'priceCards','[]'::jsonb)) x)) t));
    elsif scr->>'id' = 'oxnv3cw' then
      scr := jsonb_set(scr,'{classes}', a2_classes);
      scr := jsonb_set(scr,'{priceCards}', (select coalesce(jsonb_agg(c),'[]'::jsonb) from (
        select c from jsonb_array_elements(coalesce(scr->'priceCards','[]'::jsonb)) c
        union all select c from jsonb_array_elements(a2_cards) c
        where (c->>'id') not in (select x->>'id' from jsonb_array_elements(coalesce(scr->'priceCards','[]'::jsonb)) x)) t));
    end if;
    screens := screens || jsonb_build_array(scr);
  end loop;
  d := jsonb_set(d,'{screens}', screens);
  d := jsonb_set(d,'{movies}', (select coalesce(jsonb_agg(m),'[]'::jsonb) from (
    select m from jsonb_array_elements(coalesce(d->'movies','[]'::jsonb)) m
    union all select m from jsonb_array_elements(new_movies) m
    where (m->>'id') not in (select x->>'id' from jsonb_array_elements(coalesce(d->'movies','[]'::jsonb)) x)) t));
  update public.config set data=d, updated_by='dcr-historical-import', updated_at=now() where id=1;
end $$;

-- 2) NORMALIZED catalog tables (movies/classes/screen_classes/price_cards)
do $$
declare cid uuid;
begin
  if to_regclass('public.movies') is null then
    return;  -- normalized layer not present; config-only DB, nothing to do here
  end if;
  select cinema_id into cid from public.screens where id = '7gwkvh9';
  if cid is null then raise exception 'screen 7gwkvh9 not found in public.screens'; end if;

  insert into public.classes (id, cinema_id, name, gst_pct, display_order, updated_by) values
    ('a1_bal', cid, 'Balcony', 18, 100, 'dcr-historical-import'),
    ('a1_uc', cid, 'U.Circle', 12, 101, 'dcr-historical-import'),
    ('a1_c1', cid, '1st Circle', 12, 102, 'dcr-historical-import'),
    ('a1_e2_lng', cid, 'Lounge (2022-23)', 18, 103, 'dcr-historical-import'),
    ('a1_e2_prm', cid, 'Prime (2022-23)', 18, 104, 'dcr-historical-import'),
    ('a1_e2_clb', cid, 'Club (2022-23)', 18, 105, 'dcr-historical-import'),
    ('a1_e3_lng', cid, 'Lounge (2023)', 18, 106, 'dcr-historical-import'),
    ('a1_e3_prm', cid, 'Prime (2023)', 18, 107, 'dcr-historical-import'),
    ('a1_e3_clb', cid, 'Club (2023)', 18, 108, 'dcr-historical-import'),
    ('a1_rc_lng', cid, 'Lounge (2023-26)', 18, 109, 'dcr-historical-import'),
    ('a1_rc_prm', cid, 'Prime (2023-26)', 18, 110, 'dcr-historical-import'),
    ('a1_rc_clb', cid, 'Club (2023-26)', 18, 111, 'dcr-historical-import'),
    ('a2_g200', cid, 'Gold (2019-23)', 18, 112, 'dcr-historical-import'),
    ('a2_g160', cid, 'Gold (2023-24)', 18, 113, 'dcr-historical-import'),
    ('a2_s40', cid, 'Silver (2023-24)', 18, 114, 'dcr-historical-import'),
    ('a2_bal', cid, 'Balcony (Audi 2)', 18, 115, 'dcr-historical-import'),
    ('a2_c1', cid, '1st Circle (Audi 2)', 12, 116, 'dcr-historical-import')
  on conflict (id) do update set name=excluded.name, gst_pct=excluded.gst_pct;

  insert into public.screen_classes (screen_id, class_id, seats) values
    ('7gwkvh9', 'cls_royale', 21),
    ('7gwkvh9', 'cls_lounge', 166),
    ('7gwkvh9', 'cls_prime', 412),
    ('7gwkvh9', 'a1_bal', 220),
    ('7gwkvh9', 'a1_uc', 255),
    ('7gwkvh9', 'a1_c1', 198),
    ('7gwkvh9', 'a1_e2_lng', 199),
    ('7gwkvh9', 'a1_e2_prm', 196),
    ('7gwkvh9', 'a1_e2_clb', 217),
    ('7gwkvh9', 'a1_e3_lng', 199),
    ('7gwkvh9', 'a1_e3_prm', 252),
    ('7gwkvh9', 'a1_e3_clb', 161),
    ('7gwkvh9', 'a1_rc_lng', 199),
    ('7gwkvh9', 'a1_rc_prm', 387),
    ('7gwkvh9', 'a1_rc_clb', 26),
    ('oxnv3cw', '1u1lpa4', 90),
    ('oxnv3cw', 'lp9hi7s', 180),
    ('oxnv3cw', 'bsl9hd8', 20),
    ('oxnv3cw', 'a2_g200', 200),
    ('oxnv3cw', 'a2_g160', 160),
    ('oxnv3cw', 'a2_s40', 40),
    ('oxnv3cw', 'a2_bal', 90),
    ('oxnv3cw', 'a2_c1', 200)
  on conflict (screen_id, class_id) do update set seats=excluded.seats;

  insert into public.price_cards (id, screen_id, name, display_order, updated_by) values
    ('h6b422a', '7gwkvh9', 'Hist 110/160/140', 100, 'dcr-historical-import'),
    ('h19c053', '7gwkvh9', 'Hist 110/160/140', 101, 'dcr-historical-import'),
    ('hed0d4a', '7gwkvh9', 'Hist 180/150/350', 102, 'dcr-historical-import'),
    ('hba8c16', '7gwkvh9', 'Hist 180/150/290', 103, 'dcr-historical-import'),
    ('h7599a7', '7gwkvh9', 'Hist 130/80/110', 104, 'dcr-historical-import'),
    ('h2edb67', '7gwkvh9', 'Hist 110/140', 105, 'dcr-historical-import'),
    ('hcb2a05', '7gwkvh9', 'Hist 110/160/140', 106, 'dcr-historical-import'),
    ('h0e862c', '7gwkvh9', 'Hist 120/75/105', 107, 'dcr-historical-import'),
    ('h6f0b27', '7gwkvh9', 'Hist 105/160/140', 108, 'dcr-historical-import'),
    ('h555d66', '7gwkvh9', 'Hist 105/180/150', 109, 'dcr-historical-import'),
    ('h54c366', '7gwkvh9', 'Hist 110/180/150', 110, 'dcr-historical-import'),
    ('he7c1d1', '7gwkvh9', 'Hist 110/180/160', 111, 'dcr-historical-import'),
    ('ha995eb', '7gwkvh9', 'Hist 160/140', 112, 'dcr-historical-import'),
    ('hec1e84', '7gwkvh9', 'Hist 180/160/390', 113, 'dcr-historical-import'),
    ('heca8e2', '7gwkvh9', 'Hist 180/150', 114, 'dcr-historical-import'),
    ('h90aa57', '7gwkvh9', 'Hist 180/150/390', 115, 'dcr-historical-import'),
    ('hfd0bb8', '7gwkvh9', 'Hist 180/160', 116, 'dcr-historical-import'),
    ('h4573e5', 'oxnv3cw', 'Hist 110/140', 100, 'dcr-historical-import'),
    ('h0d17fd', 'oxnv3cw', 'Hist 140/110', 101, 'dcr-historical-import'),
    ('h159175', 'oxnv3cw', 'Hist 140/105/150', 102, 'dcr-historical-import'),
    ('h7b4961', 'oxnv3cw', 'Hist 130/110/140', 103, 'dcr-historical-import'),
    ('hd3ce9d', 'oxnv3cw', 'Hist 140/110/150', 104, 'dcr-historical-import'),
    ('h61c20e', 'oxnv3cw', 'Hist 140/150', 105, 'dcr-historical-import')
  on conflict (id) do nothing;

  insert into public.price_card_prices (price_card_id, class_id, price) values
    ('h6b422a', 'a1_e3_lng', 160.0),
    ('h6b422a', 'a1_e3_prm', 140.0),
    ('h6b422a', 'a1_e3_clb', 110.0),
    ('h19c053', 'a1_rc_lng', 160.0),
    ('h19c053', 'a1_rc_prm', 140.0),
    ('h19c053', 'a1_rc_clb', 110.0),
    ('hed0d4a', 'cls_royale', 350.0),
    ('hed0d4a', 'a1_rc_lng', 180.0),
    ('hed0d4a', 'a1_rc_prm', 150.0),
    ('hba8c16', 'cls_royale', 290.0),
    ('hba8c16', 'a1_rc_lng', 180.0),
    ('hba8c16', 'a1_rc_prm', 150.0),
    ('h7599a7', 'a1_bal', 130.0),
    ('h7599a7', 'a1_uc', 110.0),
    ('h7599a7', 'a1_c1', 80.0),
    ('h2edb67', 'a1_rc_prm', 140.0),
    ('h2edb67', 'a1_rc_clb', 110.0),
    ('hcb2a05', 'a1_e2_lng', 160.0),
    ('hcb2a05', 'a1_e2_prm', 140.0),
    ('hcb2a05', 'a1_e2_clb', 110.0),
    ('h0e862c', 'a1_bal', 120.0),
    ('h0e862c', 'a1_uc', 105.0),
    ('h0e862c', 'a1_c1', 75.0),
    ('h6f0b27', 'a1_rc_lng', 160.0),
    ('h6f0b27', 'a1_rc_prm', 140.0),
    ('h6f0b27', 'a1_rc_clb', 105.0),
    ('h555d66', 'a1_rc_lng', 180.0),
    ('h555d66', 'a1_rc_prm', 150.0),
    ('h555d66', 'a1_rc_clb', 105.0),
    ('h54c366', 'a1_rc_lng', 180.0),
    ('h54c366', 'a1_rc_prm', 150.0),
    ('h54c366', 'a1_rc_clb', 110.0),
    ('he7c1d1', 'a1_rc_lng', 180.0),
    ('he7c1d1', 'a1_rc_prm', 160.0),
    ('he7c1d1', 'a1_rc_clb', 110.0),
    ('ha995eb', 'a1_rc_lng', 160.0),
    ('ha995eb', 'a1_rc_prm', 140.0),
    ('hec1e84', 'cls_royale', 390.0),
    ('hec1e84', 'a1_rc_lng', 180.0),
    ('hec1e84', 'a1_rc_prm', 160.0),
    ('heca8e2', 'a1_rc_lng', 180.0),
    ('heca8e2', 'a1_rc_prm', 150.0),
    ('h90aa57', 'cls_royale', 390.0),
    ('h90aa57', 'a1_rc_lng', 180.0),
    ('h90aa57', 'a1_rc_prm', 150.0),
    ('hfd0bb8', 'a1_rc_lng', 180.0),
    ('hfd0bb8', 'a1_rc_prm', 160.0),
    ('h4573e5', '1u1lpa4', 140.0),
    ('h4573e5', 'a2_g200', 110.0),
    ('h0d17fd', 'a2_bal', 140.0),
    ('h0d17fd', 'a2_c1', 110.0),
    ('h159175', '1u1lpa4', 150.0),
    ('h159175', 'lp9hi7s', 140.0),
    ('h159175', 'bsl9hd8', 105.0),
    ('h7b4961', '1u1lpa4', 140.0),
    ('h7b4961', 'a2_g160', 130.0),
    ('h7b4961', 'a2_s40', 110.0),
    ('hd3ce9d', '1u1lpa4', 150.0),
    ('hd3ce9d', 'lp9hi7s', 140.0),
    ('hd3ce9d', 'bsl9hd8', 110.0),
    ('h61c20e', '1u1lpa4', 150.0),
    ('h61c20e', 'lp9hi7s', 140.0)
  on conflict (price_card_id, class_id) do update set price=excluded.price;

  insert into public.movies (id, cinema_id, name, distributor, release_date, share_pct, updated_by) values
    ('mh0105fab5', cid, 'AASHAAN', 'WAYFARER FILMS', '2026-02-05', 60, 'dcr-historical-import'),
    ('mh01179191', cid, 'BRAMAYUGAM', 'AAN MEGA MEDIA', '2024-02-15', 60, 'dcr-historical-import'),
    ('mh0142673d', cid, 'BANDRA', 'VINAYAKA FILMS', '2023-11-10', 60, 'dcr-historical-import'),
    ('mh01498365', cid, 'KANNUR SQUAD', 'WAYFARER FILMS', '2023-09-28', 60, 'dcr-historical-import'),
    ('mh01f355d8', cid, 'PARIWAR', '', '2025-03-07', 60, 'dcr-historical-import'),
    ('mh04b31a89', cid, 'PREKAMBANAM', 'NAVARASA FILMS', '2026-01-30', 55, 'dcr-historical-import'),
    ('mh04b3fb1f', cid, 'Adrishyam', 'century', '2022-11-18', 60, 'dcr-historical-import'),
    ('mh04bd2d54', cid, 'RRR (MALAYALAM) 3D', 'HR PICTURES', '2022-03-25', 55, 'dcr-historical-import'),
    ('mh05f09d14', cid, 'KOLLA', 'AYYAPPA MOVIES', '2023-06-09', 60, 'dcr-historical-import'),
    ('mh06147a56', cid, 'MAHA VEERYAR', 'PAULY JR RELEASE', '2022-07-22', 60, 'dcr-historical-import'),
    ('mh06df7eb0', cid, 'MADURA MANOHARA MOHAM', 'RD ILLUMINATIONS', '2023-06-16', 40, 'dcr-historical-import'),
    ('mh07595079', cid, 'MANJUMMEL BOYS', 'DREAM BIG FILMS', '2024-02-22', 60, 'dcr-historical-import'),
    ('mh07789868', cid, 'LITTLE HEARTS', 'SANDRA PRODUCTIONS', '2024-06-07', 60, 'dcr-historical-import'),
    ('mh079e7bc3', cid, 'MISS SHETTY MR POLISHETTY', '', '2023-09-15', 50, 'dcr-historical-import'),
    ('mh0817575f', cid, 'KAANTHA', 'WAYFARER FILMS', '2025-11-14', 55, 'dcr-historical-import'),
    ('mh0853ad1a', cid, 'NEYYATTINKARA GOPANTE AARATTU', 'RD ILUMINATIONS', '2022-02-18', 60, 'dcr-historical-import'),
    ('mh08768818', cid, 'pushpaka vimanam', 'arifa productions', '2024-10-04', 60, 'dcr-historical-import'),
    ('mh0889b600', cid, 'SAMSHAYAM', '1895 STUDIOS', '2025-05-16', 60, 'dcr-historical-import'),
    ('mh093c094e', cid, 'MARIVILLIN GOPURGAL', 'KOKERS MEDIA', '2024-05-10', 60, 'dcr-historical-import'),
    ('mh098ee2a2', cid, 'JAILER', 'SREE GOKULAM MOVIES', '2023-08-10', 55, 'dcr-historical-import'),
    ('mh0a3ccedf', cid, 'VALIMAI', 'E4 ENTERTAINMENTS', '2022-02-24', 55, 'dcr-historical-import'),
    ('mh0a544abe', cid, 'oru kattile oru muri', 'sapta tharaga creations', '2024-10-04', 60, 'dcr-historical-import'),
    ('mh0b706e64', cid, 'SATURDAY NIGHTS', 'ajith vinayaka films pvt ltd', '2022-11-04', 60, 'dcr-historical-import'),
    ('mh0beb1138', cid, 'VAAZHA', 'ICON CINEMAS', '2024-08-15', 60, 'dcr-historical-import'),
    ('mh0c71d5eb', cid, 'CHATHA PACHA', 'WAYFARER FILMS', '2026-01-22', 60, 'dcr-historical-import'),
    ('mh0de5ea70', cid, 'GOLAM', 'FRAGRANT', '2024-06-14', 60, 'dcr-historical-import'),
    ('mh0de88de2', cid, 'SAMBHAVAM ADHYAYAM 1', 'NALLA CINEMA PRODUCTIONS PVT LTD', '2026-03-06', 60, 'dcr-historical-import'),
    ('mh0df0c1c0', cid, 'MERI AWAS SUNO', 'REJAPUTHRA RELEASE', '2022-05-13', 60, 'dcr-historical-import'),
    ('mh0ff5665c', cid, 'DASARA', 'E4 ENTERTAINMENTS', '2023-03-30', 50, 'dcr-historical-import'),
    ('mh1168a740', cid, 'dragon', 'E4 ENTERTAINMENTS', '2025-03-01', 40, 'dcr-historical-import'),
    ('mh11a4f422', cid, 'NALLA NILAVULLA RATHRI', 'GOODWILL ENTERTAINMENTS', '2023-06-30', 60, 'dcr-historical-import'),
    ('mh12ea5f61', cid, 'The Pet Detective', 'Dream Big Films', '2025-10-16', 60, 'dcr-historical-import'),
    ('mh14e9d6d8', cid, 'LOKAH CHAPTER 1 C', 'WAYFARER FILMS', '2025-08-30', 60, 'dcr-historical-import'),
    ('mh151546d1', cid, 'THIRUMALI', 'ANGEL MARIA', '2022-01-27', 60, 'dcr-historical-import'),
    ('mh15a8dd34', cid, 'VAA VAATHIYAAR', 'DREAM BIG', '2026-01-14', 50, 'dcr-historical-import'),
    ('mh15f1da09', cid, 'MAHAVEERYAR', 'PAULY JR RELEASE', '2022-07-21', 60, 'dcr-historical-import'),
    ('mh17314c5d', cid, 'ABHYUHAM', 'E4 ENTERTAINMENTS', '2023-07-21', 50, 'dcr-historical-import'),
    ('mh177247c0', cid, 'VILAAYATH BUDHA', 'URVASHI THEATERES', '2025-11-21', 60, 'dcr-historical-import'),
    ('mh186af174', cid, 'THANNEER MATHAN DINAGAL', 'CENTRAL PICTURES', '2019-08-01', 60, 'dcr-historical-import'),
    ('mh19b9b634', cid, 'AZADI', 'CENTRAL PICTURES', '2025-05-23', 60, 'dcr-historical-import'),
    ('mh1a5cc4a0', cid, 'UDAL', 'SREE GOKULAM MOVIES', '2022-05-20', 60, 'dcr-historical-import'),
    ('mh1b260373', cid, 'NUNAKUZHI', 'AASHIRVAD RELEASE', '2024-08-15', 60, 'dcr-historical-import'),
    ('mh1b796614', cid, 'SU FROM SU', 'wayfarer films', '2025-08-01', 50, 'dcr-historical-import'),
    ('mh1bde7c38', cid, 'DJIBUTY', 'BLUE HILL NAFL COMMUNICATION', '2022-01-01', 60, 'dcr-historical-import'),
    ('mh1cb017fa', cid, 'MAREESHAN', 'E4 ENTERTAINMENTS', '2025-07-25', 55, 'dcr-historical-import'),
    ('mh22454cb5', cid, 'ANDROID KUNJAPPAN 5.25', 'MOONSHOT ENTERTAINMENTS', '2019-11-08', 50, 'dcr-historical-import'),
    ('mh25f59461', cid, 'TURBO', 'WAYFARER FILMS', '2024-05-23', 60, 'dcr-historical-import'),
    ('mh272b7c56', cid, 'OFFICER ON DUTY', 'THE GREEN ROOM', '2025-02-25', 60, 'dcr-historical-import'),
    ('mh275122d0', cid, 'SAHASAM', 'CENTRAL PICTURES', '2025-08-08', 60, 'dcr-historical-import'),
    ('mh27776056', cid, 'ITTIMANI MADE IN CHINA', 'AASHIRVAD RELASE', '2019-09-06', 60, 'dcr-historical-import'),
    ('mh2792c802', cid, 'FACE OF FACELESS', 'CENTRAL PICTURES', '2023-11-21', 60, 'dcr-historical-import'),
    ('mh288639b0', cid, 'NEYYATTINKARA GOPANTE AARAATTU', 'R D ILUMINATIONS', '2022-02-18', 60, 'dcr-historical-import'),
    ('mh28fa8949', cid, 'JSK', 'DREAM BIG FILMS', '2025-07-25', 50, 'dcr-historical-import'),
    ('mh2a8b99cd', cid, 'PARANNU PARANNU', 'AAN MEGA MEDIA', '2025-01-31', 60, 'dcr-historical-import'),
    ('mh2aa3f679', cid, 'TRON:ARES', '', '2025-10-10', 55, 'dcr-historical-import'),
    ('mh2bb67982', cid, 'ROMANCHAM', 'CENTRAL PICTURES', '2023-02-03', 60, 'dcr-historical-import'),
    ('mh2c25efeb', cid, 'MARANA MASS', 'ICON CINEMAS', '2025-04-10', 60, 'dcr-historical-import'),
    ('mh2c72a85f', cid, 'MANICHITRATHAZHU', 'E4 ENTERTAINMENTS', '2024-08-23', 45, 'dcr-historical-import'),
    ('mh2cb14202', cid, 'DUDE', '', '2025-10-17', 50, 'dcr-historical-import'),
    ('mh2d424107', cid, 'HANUMAN', 'DREAM BIG FILMS', '2024-01-19', 45, 'dcr-historical-import'),
    ('mh2e76c5fb', cid, 'INDIA VS NEW ZEALAND', 'Digital 18 Media Private Limited', '2026-03-08', 50, 'dcr-historical-import'),
    ('mh2f30c9af', cid, 'TWO MEN', 'D GROUP', '2022-08-05', 60, 'dcr-historical-import'),
    ('mh2fafde97', cid, 'VETTAIYAN', 'DREAM BIG FILMS', '2024-10-10', 55, 'dcr-historical-import'),
    ('mh2fc9cd3b', cid, 'THE MARVELS', 'UTV', '2023-11-10', 55, 'dcr-historical-import'),
    ('mh315f4777', cid, 'KURUKKAN', 'VARNACHITHRA BIG SCREEN', '2023-07-27', 60, 'dcr-historical-import'),
    ('mh31c0578a', cid, 'THATTASSERY KOOTTAM', 'MANJUNATHA', '2022-11-11', 60, 'dcr-historical-import'),
    ('mh322166e8', cid, 'IDIYAN CHANTHU', 'happy productions', '2024-07-19', 60, 'dcr-historical-import'),
    ('mh32592ce7', cid, 'IRATTA CHANKAN', '', '2023-08-18', 50, 'dcr-historical-import'),
    ('mh3352050a', cid, 'THOLVI FC', 'CENTRAL PICTURES', '2023-11-03', 60, 'dcr-historical-import'),
    ('mh3445cd56', cid, 'DAVEED', 'CENTURY FILMS', '2025-02-14', 60, 'dcr-historical-import'),
    ('mh35f1e035', cid, 'KING OF KOTHA', 'WAYFARER FILMS', '2023-08-24', 60, 'dcr-historical-import'),
    ('mh361c7f08', cid, 'CHRISTOPHER', 'RD ILLUMINATIONS', '2023-02-09', 60, 'dcr-historical-import'),
    ('mh36575540', cid, 'THUNDU', 'CENTRAL PICTURES', '2024-02-16', 60, 'dcr-historical-import'),
    ('mh36e6eda3', cid, 'KALKI 2898 AD', 'WAYFARER FILMS', '2024-07-12', 40, 'dcr-historical-import'),
    ('mh36f726fd', cid, 'CBI 5', 'SWARGACHITHRA RELEASE', '2022-05-01', 60, 'dcr-historical-import'),
    ('mh371e70b4', cid, 'KALAMKAVAL', 'MAMMOOTTY COMPANY', '2025-12-05', 60, 'dcr-historical-import'),
    ('mh37502934', cid, 'MASTISHKA MARANAM', 'AJITH VINAYAKA FILMS PVT LTD', '2026-02-27', 60, 'dcr-historical-import'),
    ('mh37634e44', cid, 'VALATHU VASHATHE KALLAN', 'GOODWILL ENTERTAINMENTS', '2026-01-30', 60, 'dcr-historical-import'),
    ('mh37b9e6f0', cid, 'PADAVETTU', 'CENTURY', '2022-10-21', 60, 'dcr-historical-import'),
    ('mh37e38dcd', cid, 'NARAYAMANTE MOONANMAKKAL', 'GOODWILL ENETERTAINMENTS', '2025-02-07', 60, 'dcr-historical-import'),
    ('mh381591d9', cid, 'THOR:LOVE AND THUNDER', 'UTV', '2022-07-07', 55, 'dcr-historical-import'),
    ('mh384cd0f0', cid, 'HRIDAYAPURVAM', 'AASHIRVAD CINEMAS PVT LTD', '2025-08-28', 60, 'dcr-historical-import'),
    ('mh38da5086', cid, 'KADHA INNUVARE', 'ICON CINEMAS', '2024-09-20', 60, 'dcr-historical-import'),
    ('mh3919f141', cid, 'ANOMIE :THE EQUATION OF DEATH', 'PANORAMA STUDIO INTERNATIONAL LTD', '2026-02-06', 60, 'dcr-historical-import'),
    ('mh3986dd09', cid, 'kill', 'jawahar films', '2024-07-12', 50, 'dcr-historical-import'),
    ('mh39a52105', cid, 'BAAHUBALI THE EPIC', 'CENTURY RELEASE', '2025-10-31', 50, 'dcr-historical-import'),
    ('mh3b5e0773', cid, 'CHOTTA MUMBAI', 'MANIYANPILLA RAJU PRODUCTIONS', '2025-06-06', 50, 'dcr-historical-import'),
    ('mh3e155e1e', cid, 'CHATHURAM', 'REMYA FILMS', '2022-12-12', 50, 'dcr-historical-import'),
    ('mh3e6ac4a4', cid, 'JACK AND DANIEL', 'THAMEENS FILMS', '2019-11-15', 50, 'dcr-historical-import'),
    ('mh3e8baf5b', cid, 'ATHI BHEEKARA KAAMUKAN', 'CENTURY FILMS', '2025-11-14', 60, 'dcr-historical-import'),
    ('mh3ec45429', cid, 'PARASAKTI', 'DREAM BIG FILMS', '2026-01-10', 50, 'dcr-historical-import'),
    ('mh3f3f33f6', cid, 'OUSEPHINTE OSYATHU', 'CENTRAL PICTURES', '2025-03-07', 60, 'dcr-historical-import'),
    ('mh4246029c', cid, 'ADU JEEVITHAM', 'MAGIC FRAMES', '2024-03-28', 60, 'dcr-historical-import'),
    ('mh4283fce3', cid, 'DHURANDHAR (MALAYALAM)', 'PVR INOX PICTURES', '2026-03-27', 48, 'dcr-historical-import'),
    ('mh43851ae6', cid, 'RDX', 'WEEKEND BLOCKBUSTERS', '2023-08-25', 60, 'dcr-historical-import'),
    ('mh43a1f2ec', cid, 'THUPPAKI', 'ARIFA PICTURES', '2024-06-21', 40, 'dcr-historical-import'),
    ('mh43b76df7', cid, 'ANAND SREEBALA', 'AAN MEGA MEDIA RELEASE', '2024-11-15', 60, 'dcr-historical-import'),
    ('mh4615224d', cid, 'DANCE PARTY', 'CENTRAL PICTURES', '2023-12-01', 60, 'dcr-historical-import'),
    ('mh470dad21', cid, 'rahel makan kora', 'skj films', '2023-10-13', 60, 'dcr-historical-import'),
    ('mh470f0910', cid, 'AVATAR 3D', 'DISNEY', '2022-12-16', 55, 'dcr-historical-import'),
    ('mh49b42c0d', cid, 'AADU 3', 'FRIDAY FILM HOUSE', '2026-03-19', 60, 'dcr-historical-import'),
    ('mh4a1c62b6', cid, 'MIRAGE', 'NAAD SSTUDIOS', '2025-09-19', 60, 'dcr-historical-import'),
    ('mh4b05e4bd', cid, 'journey of love 18+', 'icon cinemas', '2023-07-07', 60, 'dcr-historical-import'),
    ('mh4c8ac105', cid, 'THANKAM', 'BHAVANA RELEASE', '2023-01-26', 60, 'dcr-historical-import'),
    ('mh4c9cc79c', cid, 'THALAVAN', 'CENTRAL PICTURES', '2024-06-06', 50, 'dcr-historical-import'),
    ('mh4d05fc42', cid, 'MEPPADIYAN', 'GOODWILL ENTERTAINMENTS', '2022-01-14', 60, 'dcr-historical-import'),
    ('mh4d1086dc', cid, 'SWARGAM', 'CN GLOBAL MOVIES', '2024-11-08', 60, 'dcr-historical-import'),
    ('mh4dcc5810', cid, 'RAAYAN', 'DREAM BIG FILMS', '2024-07-26', 50, 'dcr-historical-import'),
    ('mh4e4999f8', cid, 'BROMANCE', 'CENTRAL PICTURES', '2025-02-14', 60, 'dcr-historical-import'),
    ('mh4f08ed5d', cid, 'PUSHPA', 'E4 ENTERTAINMENTS', '2022-01-01', 50, 'dcr-historical-import'),
    ('mh4f263e3d', cid, 'SAIYAARA', 'JAWAHAR FILMS', '2025-07-25', 50, 'dcr-historical-import'),
    ('mh4f60bc17', cid, 'PERUMANI', 'CENTURY FILMS', '2024-05-10', 60, 'dcr-historical-import'),
    ('mh4fc30ca8', cid, 'KAAPPA', 'THEATRE OF DREAMS', '2022-12-22', 60, 'dcr-historical-import'),
    ('mh4fdb7cc3', cid, 'BHARATHA CIRCUS', 'Best Way Entertainments', '2022-12-09', 60, 'dcr-historical-import'),
    ('mh50341260', cid, 'KIRKAN', 'mampra cinemas', '2023-07-21', 50, 'dcr-historical-import'),
    ('mh508c0fe6', cid, 'SANTACRUZ', 'chitteth film house', '2022-07-01', 60, 'dcr-historical-import'),
    ('mh509f4e7f', cid, 'ORU JATHY JAATHAKAM', 'VARNACHITRA RELEASE', '2025-02-06', 60, 'dcr-historical-import'),
    ('mh50bb5fc3', cid, 'JAWAN(tamil)', 'SREE GOKULAM MOVIES', '2023-09-07', 55, 'dcr-historical-import'),
    ('mh519d8f13', cid, 'THANEER MATHAN DINAGAL', 'CENTRAL PICTURES', '2019-08-08', 55, 'dcr-historical-import'),
    ('mh51d78240', cid, 'OTTA', 'CENTURY', '2023-10-27', 60, 'dcr-historical-import'),
    ('mh51f96701', cid, 'ANDROID KUNJAPPAN', 'MOONSHOT ENTERTAINMENTS', '2019-11-15', 50, 'dcr-historical-import'),
    ('mh55ae3905', cid, 'ASHAKAL AAYIRAM', 'DREAM BIG', '2026-02-06', 60, 'dcr-historical-import'),
    ('mh56213005', cid, 'MURA', 'HR PICTURES', '2024-11-08', 60, 'dcr-historical-import'),
    ('mh5696bdd8', cid, 'KISHKINDHA KANDAM', 'GOODWILL ENETRTAINMENTS', '2024-09-15', 60, 'dcr-historical-import'),
    ('mh569c6a9c', cid, 'KHAJURAHO DREAMS', 'ASHIRVAD RELEASE', '2025-12-05', 60, 'dcr-historical-import'),
    ('mh56f7030f', cid, 'MANICHITHRATHAZHU', 'E4 ENTERTAINMENTS', '2024-08-17', 45, 'dcr-historical-import'),
    ('mh57707316', cid, 'PRAVINKOODU SHAPPU', 'A & A RELEASE', '2025-01-16', 60, 'dcr-historical-import'),
    ('mh57e5b5c4', cid, 'PALLICHATTAMBI', 'WORLD WIDE FILMS', '2026-04-15', 60, 'dcr-historical-import'),
    ('mh580b2eaa', cid, 'KANNAPPA', 'AASHIRVAD CINEMAS', '2025-06-27', 55, 'dcr-historical-import'),
    ('mh59ff1ead', cid, 'JAWAN(hindi)', 'SREE GOKULAM MOVIES', '2023-09-07', 55, 'dcr-historical-import'),
    ('mh5a91b94b', cid, 'ANIMAL', 'E4 ENTERTAINMENTS', '2023-12-08', 50, 'dcr-historical-import'),
    ('mh5b11962d', cid, 'CUP', 'CENTURY', '2024-09-27', 60, 'dcr-historical-import'),
    ('mh5c8b0364', cid, 'PATHONPATHAM NOOTTANDU', 'SREE GOKULAM MOVIES', '2022-09-08', 60, 'dcr-historical-import'),
    ('mh5cfd9efa', cid, 'KALAMKAAVAL', 'WAYFARER FILMS', '2025-12-18', 55, 'dcr-historical-import'),
    ('mh5de19b7f', cid, 'RRR (MALAYALAM) 2D', 'HR PICTURES', '2022-03-25', 55, 'dcr-historical-import'),
    ('mh5e5add81', cid, 'REKHACHITRAM', 'KAVYA FILM COMPANY', '2025-01-09', 60, 'dcr-historical-import'),
    ('mh5fe70f90', cid, 'LOVE ACTION DRAMA', 'FUNTASTIC FILMS', '2019-09-05', 60, 'dcr-historical-import'),
    ('mh61217b0d', cid, 'VARSHAGALKKU SHESHAM', 'MERRYLAND CINEMAS', '2024-04-11', 60, 'dcr-historical-import'),
    ('mh62021381', cid, 'ANCHAKALLAKOKKAN', 'CENTURY', '2024-03-15', 60, 'dcr-historical-import'),
    ('mh623cfc6e', cid, 'SALAAR', 'MAGIC FRAMES', '2023-12-22', 55, 'dcr-historical-import'),
    ('mh62569d2d', cid, 'NADANA SAMBAVAM', 'ANUP KANNAN STORIES', '2024-06-21', 60, 'dcr-historical-import'),
    ('mh62570cd3', cid, 'PADACHONE INGALU KATHOLIN', 'CENTURY', '2022-11-24', 60, 'dcr-historical-import'),
    ('mh645770b2', cid, 'DOMANIC AND THE LADIES PURSE', 'WAYFARER FILMS', '2025-01-23', 60, 'dcr-historical-import'),
    ('mh649c341b', cid, 'ORU THEKKAN THALLU CASE', 'E4 ENTERTAINMENT', '2022-09-08', 60, 'dcr-historical-import'),
    ('mh6546c702', cid, 'BARBIE', 'celebrate cinema', '2023-07-21', 50, 'dcr-historical-import'),
    ('mh673c3906', cid, 'POOVAN', 'CENTRAL PICTURES', '2023-01-20', 60, 'dcr-historical-import'),
    ('mh676de5ba', cid, 'JAPAN', 'E4 ENTERTAINMENTS', '2023-11-10', 50, 'dcr-historical-import'),
    ('mh67a66d86', cid, 'VEERAME VAAGAI SOODU', 'FORTUNE CINEMAS', '2022-02-05', 50, 'dcr-historical-import'),
    ('mh68558f13', cid, 'BOUGAINVILEA', 'A & A RELEASE', '2024-10-17', 60, 'dcr-historical-import'),
    ('mh689981ea', cid, 'AVIYAL', 'POCKET 3Q² PRODUCTIONS', '2022-04-07', 50, 'dcr-historical-import'),
    ('mh68f977fd', cid, 'PADMINI', 'central pictures', '2023-07-14', 60, 'dcr-historical-import'),
    ('mh69989ec4', cid, 'LEO', 'DREAM BIG FILMS', '2023-10-19', 55, 'dcr-historical-import'),
    ('mh6a3bda94', cid, 'AADU JEEVITHAM', 'MAGIC FRAMES', '2024-03-28', 60, 'dcr-historical-import'),
    ('mh6aad7dc0', cid, 'ANTONY', 'DREAM BIG FILMS', '2023-12-01', 60, 'dcr-historical-import'),
    ('mh6abeca5e', cid, 'ARCHANA 31ST NOT OUT', 'ICON CINEMAS', '2022-02-11', 60, 'dcr-historical-import'),
    ('mh6ac1817b', cid, 'MR AND MS ROWDY', 'CENTRAL PICTURES', '2019-02-28', 50, 'dcr-historical-import'),
    ('mh6aff3aae', cid, 'ITHIRI NERAM', 'MANKIND CINEMAS', '2025-11-07', 60, 'dcr-historical-import'),
    ('mh6c11052c', cid, 'MAHESHUM MARUTHIYUM', 'SHOWBIZ STUDIOS', '2023-03-10', 60, 'dcr-historical-import'),
    ('mh6d6e55b5', cid, 'RIFLE CLUB', 'DREAM BIG FILMS', '2024-12-19', 60, 'dcr-historical-import'),
    ('mh6e06c443', cid, 'AUTORIKSHAKARATE BHARYA', 'BENZY PRODUCTIONS', '2022-10-28', 60, 'dcr-historical-import'),
    ('mh6ec1e481', cid, 'VIDAMUYARCHI', 'DREAMBIG FILMS', '2025-02-06', 55, 'dcr-historical-import'),
    ('mh6f42e068', cid, 'THEEPPORI BENNY', 'CENTRAL PICTURES', '2023-09-22', 60, 'dcr-historical-import'),
    ('mh6f65c807', cid, 'THALLUMAALA', 'CENTRAL PICTURES', '2022-08-12', 60, 'dcr-historical-import'),
    ('mh6f6f78ea', cid, 'INDIAN 2', 'DREAM BIG FILMS', '2024-07-12', 55, 'dcr-historical-import'),
    ('mh6faa0998', cid, 'SUPERMAN 2D', 'CELEBRATE CINEAMS', '2025-07-11', 50, 'dcr-historical-import'),
    ('mh725c8aab', cid, 'FANTASTIC 4', 'STAR INDIA PVT LTD', '2025-07-25', 55, 'dcr-historical-import'),
    ('mh728ce6db', cid, 'AJAGAJANTHARAM', 'CENTRAL PICTURES', '2022-01-01', 55, 'dcr-historical-import'),
    ('mh7324d71a', cid, 'avatar 3D english', 'disney', '2022-12-16', 55, 'dcr-historical-import'),
    ('mh7356d445', cid, 'SOMANTE KRITHAVU', 'CENTURY FILMS', '2023-10-06', 60, 'dcr-historical-import'),
    ('mh73aa6d6d', cid, 'HRIDAYAM', 'MERRYLAND CINEMAS', '2022-01-21', 60, 'dcr-historical-import'),
    ('mh73c96d65', cid, 'OFFICER', 'GREEN ROOM RELEASE', '2025-03-17', 40, 'dcr-historical-import'),
    ('mh7409a197', cid, 'NERU', 'AASHIRVAD CINEMAS', '2023-12-21', 60, 'dcr-historical-import'),
    ('mh7424c1cb', cid, 'THRISHANKU', 'E4 ENTERTAINMENTS', '2023-05-26', 60, 'dcr-historical-import'),
    ('mh745698f3', cid, 'JIGARTHANDA DOUBLE X', 'WAYFARER FILMS', '2023-11-12', 50, 'dcr-historical-import'),
    ('mh74a49d49', cid, 'VIKRAM', 'HR PICTURES', '2022-06-03', 55, 'dcr-historical-import'),
    ('mh74f6b9eb', cid, 'GHILLI', 'DREAM BIG FILMS', '2024-04-26', 40, 'dcr-historical-import'),
    ('mh75455a59', cid, 'GAME CHANGER', 'E4 ENTERTAINMENTS', '2025-01-10', 50, 'dcr-historical-import'),
    ('mh7670e6c8', cid, 'DEMON SLAYER', '', '2025-09-12', 50, 'dcr-historical-import'),
    ('mh782a72d1', cid, 'GET SET BABY', 'SKANDA CINEMAS', '2025-02-21', 60, 'dcr-historical-import'),
    ('mh784fca7c', cid, 'THUNIV', 'SREE GOKULAM MOVIES', '2023-01-13', 55, 'dcr-historical-import'),
    ('mh789c0558', cid, 'DEVADOOTHAN', 'KOKERS MEDIA ENTERTAINMENTS', '2024-07-26', 40, 'dcr-historical-import'),
    ('mh78b75ca2', cid, 'DHEERAN', 'ICON CINEMAS', '2025-07-04', 60, 'dcr-historical-import'),
    ('mh79e406e4', cid, 'THELIVU', 'ITHIKA PRODUCTIONS', '2019-10-18', 50, 'dcr-historical-import'),
    ('mh7a25dd63', cid, 'SOLOMANTE THENICHAKAL', 'LJ FILMS', '2022-08-18', 60, 'dcr-historical-import'),
    ('mh7ac10bff', cid, 'SARVAM MAYA', 'CENTRAL PICTURES', '2025-12-25', 60, 'dcr-historical-import'),
    ('mh7b06e504', cid, 'ULLASAM', 'KAITHAMATTOM BROTHERS', '2022-07-01', 60, 'dcr-historical-import'),
    ('mh7b5b908a', cid, 'BABY GIRL', 'MAGIC FRAMES', '2026-01-23', 60, 'dcr-historical-import'),
    ('mh7d22e494', cid, 'SOOKSHMADARSHINI', 'BHAVANA STUDIOS', '2024-11-22', 60, 'dcr-historical-import'),
    ('mh7e26dd4c', cid, 'COOLIE', 'HM ASSOCIATES PRIVATE LTD', '2025-08-14', 55, 'dcr-historical-import'),
    ('mh7f01f46e', cid, 'MOON WALK', 'MAGIC FRAMES', '2025-05-30', 60, 'dcr-historical-import'),
    ('mh7f6343df', cid, 'Dridam', 'E4 Entertainments', '2026-05-08', 60, 'dcr-historical-import'),
    ('mh7f98480f', cid, 'SUMATHIVALAVU 1', 'DREAM BIG FILMS', '2025-08-08', 55, 'dcr-historical-import'),
    ('mh7fc3535a', cid, 'CORONA PAPERS', 'FOUR FRAMES', '2023-04-06', 60, 'dcr-historical-import'),
    ('mh80aeabd6', cid, 'AGILAN', 'SMK RELEASE', '2023-03-10', 50, 'dcr-historical-import'),
    ('mh82218d0f', cid, 'INDINA JONES', 'utv software communication pvt ltd', '2023-06-29', 50, 'dcr-historical-import'),
    ('mh8222c100', cid, 'MANMADHA LEELAI', 'Horizon Studio Release', '2022-04-02', 50, 'dcr-historical-import'),
    ('mh82801722', cid, 'FACE OF THE FACELESS', 'CENTRAL PICTURES', '2023-11-17', 60, 'dcr-historical-import'),
    ('mh82934d47', cid, 'KALKI', 'CENTRAL PICTURES', '2019-08-08', 60, 'dcr-historical-import'),
    ('mh829bb89c', cid, 'LOKAH', 'WAYFARER FILMS', '2025-08-30', 60, 'dcr-historical-import'),
    ('mh82ba5e37', cid, 'drishaym 3', 'Aashirvad Cinemas', '2026-05-21', 60, 'dcr-historical-import'),
    ('mh8321be3e', cid, 'AVIHITHAM', 'E4 ENTERTAINMNETS', '2025-10-09', 60, 'dcr-historical-import'),
    ('mh83ab46b2', cid, 'DEADPOOL & WOLVERINE', '', '2024-07-26', 55, 'dcr-historical-import'),
    ('mh83d4bd87', cid, 'UNITED KINGDOM OF KERALA', 'CENTURY', '2025-06-20', 60, 'dcr-historical-import'),
    ('mh848c05dd', cid, 'VAATHIL', 'CINE RELEASE', '2023-09-23', 50, 'dcr-historical-import'),
    ('mh848c763f', cid, 'ELAVEEZHA POONCHIRA', 'CENTRAL PICTURES', '2022-07-15', 40, 'dcr-historical-import'),
    ('mh84ddfb34', cid, '2018', '', '2023-05-05', 60, 'dcr-historical-import'),
    ('mh856a0f54', cid, 'KANTARA: A LEGEND CHAPTER 1', 'MAGIC FRAMES', '2025-10-02', 55, 'dcr-historical-import'),
    ('mh85f7f87e', cid, 'POKKIRI', 'VARNACHITRA RELEASE', '2024-06-21', 40, 'dcr-historical-import'),
    ('mh874cd639', cid, 'PRAKASHAN PARAKKATTE', 'FUNTASTIC FILMS', '2022-06-17', 60, 'dcr-historical-import'),
    ('mh87fdc521', cid, 'PAINKILI', 'BHAVANA STUDIOUS', '2025-02-14', 60, 'dcr-historical-import'),
    ('mh8955c999', cid, 'KGF CHAPTER 2', 'MAGIC FRAMES', '2022-04-14', 55, 'dcr-historical-import'),
    ('mh89a1533c', cid, 'MASTER', 'MAGIC FRAMES', '2021-01-13', 60, 'dcr-historical-import'),
    ('mh8a1fe5d7', cid, 'RORSCHACH', 'WAYFARER RELEASE', '2022-10-21', 40, 'dcr-historical-import'),
    ('mh8b533fce', cid, 'NADIKAR', 'AAN MEGA MEDIA', '2024-05-03', 60, 'dcr-historical-import'),
    ('mh8b871f20', cid, 'KOSHICHANAYATE PARAMBU', '', '2022-09-24', 50, 'dcr-historical-import'),
    ('mh8ba2a1fb', cid, 'MALIKAPURAM', 'AAN MEGA MEDIA', '2022-12-30', 55, 'dcr-historical-import'),
    ('mh8bb54eb5', cid, 'SULEKHA MANSIL', 'CENTURY', '2023-04-21', 60, 'dcr-historical-import'),
    ('mh8dc914a4', cid, 'DIES IRAE', 'E4 EXPERIMENTS', '2025-11-14', 50, 'dcr-historical-import'),
    ('mh8eb3c79e', cid, 'KARAM', 'MERRYLAND CINEMAS', '2025-09-25', 60, 'dcr-historical-import'),
    ('mh8f0bfeb4', cid, 'POOKKALLAM', 'CNC CINEMAS', '2023-04-09', 60, 'dcr-historical-import'),
    ('mh8f15b978', cid, 'NIGHT DRIVE', 'AAN MEGA MEDIA', '2022-03-11', 60, 'dcr-historical-import'),
    ('mh8f9088ea', cid, 'SARKEET', 'AJITH VINAYAKA FILMS', '2025-05-08', 60, 'dcr-historical-import'),
    ('mh8f979ef6', cid, 'GUMASTHAN', 'AAN MEGA MEDIA', '2024-09-27', 60, 'dcr-historical-import'),
    ('mh9220cde1', cid, 'GURUVAYOOR AMBALANADAYIL', 'E4 ENTERTAINMENTS', '2024-05-16', 60, 'dcr-historical-import'),
    ('mh92ad91e2', cid, 'POOKKALAM', 'CNC CINEMAS', '2023-04-09', 60, 'dcr-historical-import'),
    ('mh92e55f9e', cid, 'The Teacher', 'century', '2022-12-02', 60, 'dcr-historical-import'),
    ('mh94100c7e', cid, 'NADANNA SAMBAVAM', '', '2024-06-27', 60, 'dcr-historical-import'),
    ('mh94f4a1c4', cid, 'MIKE', 'CENTURY', '2022-08-19', 60, 'dcr-historical-import'),
    ('mh9564eedc', cid, 'PAPPACHAN OLIVILANU', 'THOMAS THIRUVALLA FILMS', '2023-08-04', 60, 'dcr-historical-import'),
    ('mh957e8db8', cid, 'ANWESHPIN KANDETHUM', 'THEATRE OF DREAMS', '2024-02-09', 60, 'dcr-historical-import'),
    ('mh95bbee33', cid, 'SUMMER IN BETHLEHEM', 'KOKERS CINEMA', '2025-12-12', 40, 'dcr-historical-import'),
    ('mh9758a8ed', cid, 'RONTH', 'FESTIVAL CINEMAS', '2025-06-13', 60, 'dcr-historical-import'),
    ('mh9763d1b4', cid, 'LITTLE MERMAID 3D', 'UTV', '2023-05-26', 55, 'dcr-historical-import'),
    ('mh985bf7b5', cid, 'COBRA', 'E4 ENTERTAINMENTS', '2022-08-31', 55, 'dcr-historical-import'),
    ('mh98704eee', cid, 'PATTAMBIRAMAN', 'ABBAM FILM RELEASE', '2019-08-23', 60, 'dcr-historical-import'),
    ('mh99a7448c', cid, 'LIGER', 'DREAM BIG FILMS', '2022-08-25', 50, 'dcr-historical-import'),
    ('mh9a00f000', cid, 'aadachayi', '', '2025-01-17', 30, 'dcr-historical-import'),
    ('mh9a978cb1', cid, 'BIGIL', 'MAGIC FRAMES', '2019-10-25', 50, 'dcr-historical-import'),
    ('mh9a9e96c2', cid, 'CHRISTY', 'CENTRAL PICTURES', '2023-02-17', 60, 'dcr-historical-import'),
    ('mh9b42aa2a', cid, 'VELLARI PATTANAM', 'FULLON STUDIOS', '2023-03-24', 60, 'dcr-historical-import'),
    ('mh9b985e7a', cid, 'FIGHT CLUB', 'DREAM BIG FILMS', '2023-12-15', 50, 'dcr-historical-import'),
    ('mh9cb1631c', cid, 'PULIMADA', 'AAN MEGA MEDIA', '2023-10-26', 60, 'dcr-historical-import'),
    ('mh9cdb11ae', cid, 'JACKSON BAZZAR YOUTH', 'CENTRAL PICTURES', '2023-05-19', 60, 'dcr-historical-import'),
    ('mh9d5133e6', cid, 'BLACK PANTHER WAKANDA FOREVER', 'UTV SOFTWARE COMMUNICATION PVT LTD', '2022-11-11', 55, 'dcr-historical-import'),
    ('mh9dad2178', cid, 'PALTHU JANWAR', 'BHAVANA STUDIOS', '2022-09-02', 60, 'dcr-historical-import'),
    ('mh9f33350c', cid, 'AVATHAR 3D', 'UTV SOFTWARE COMMUNICATION PVT LTD', '2022-09-23', 55, 'dcr-historical-import'),
    ('mha0f5d981', cid, 'barroz', 'aashirvad release', '2024-12-25', 60, 'dcr-historical-import'),
    ('mha14bdcab', cid, 'MALAIKOTTAI VALIBAN', 'CENTURY', '2024-01-25', 60, 'dcr-historical-import'),
    ('mha3c0aa42', cid, 'AADHYA RATHRI', 'CENTRAL PICTURES', '2019-10-04', 50, 'dcr-historical-import'),
    ('mha3c78b9c', cid, 'BISON KAALAMAADAN', 'HM ASSOCIATES', '2025-10-17', 50, 'dcr-historical-import'),
    ('mha3eb3c73', cid, 'VIDUTHALAI', 'HR PICTURES', '2023-03-31', 50, 'dcr-historical-import'),
    ('mha3ef95af', cid, 'EMPURAAN', 'Aashirvad Release', '2025-03-27', 60, 'dcr-historical-import'),
    ('mha43aa272', cid, 'RUDHIRAM', 'DREAM BIG FILMS', '2024-12-13', 60, 'dcr-historical-import'),
    ('mha48f44cc', cid, 'VYSANA SAMTHAM BANDHUMITHRATHIKAL', 'ICON CINEMAS', '2025-06-20', 45, 'dcr-historical-import'),
    ('mha52e9e24', cid, 'SITHARAMAM', 'WAYFARER FILMS', '2022-08-05', 55, 'dcr-historical-import'),
    ('mha85d36c9', cid, 'RORSHACH', 'WAYFARER FILMS', '2022-10-07', 60, 'dcr-historical-import'),
    ('mha8bbc3e6', cid, 'VEDIKKATTU', 'DREAM BIG FILMS', '2023-02-03', 60, 'dcr-historical-import'),
    ('mhaa14ca09', cid, 'NO TIME TO DIE', 'CELEBRATE CINEMA', '2021-10-27', 50, 'dcr-historical-import'),
    ('mhaa491df9', cid, 'SPA', 'SPARAYIL CREATIONS', '2026-02-13', 60, 'dcr-historical-import'),
    ('mhacc43f17', cid, 'PUSHPA THE RULE', 'E4 ENTERTAINMENTS', '2024-12-05', 55, 'dcr-historical-import'),
    ('mhacfec28e', cid, 'ENTHADA SAJI', 'MAGIC  FRAMES', '2023-04-08', 60, 'dcr-historical-import'),
    ('mhad7b9991', cid, 'Bharathanatyam 2 Mohiniyattam', 'THOMAS THIRUVALLA FILMS', '2026-04-10', 60, 'dcr-historical-import'),
    ('mhaeebaf8d', cid, 'ODUM KUTHIRA CHADUM KUTHIRA', 'CENTRAL PICTURES', '2025-08-29', 60, 'dcr-historical-import'),
    ('mhaef8e86d', cid, 'BEAST', 'MAGIC FRAMES', '2022-04-13', 55, 'dcr-historical-import'),
    ('mhaf4ad534', cid, 'chaaver', 'kavya films', '2023-10-05', 60, 'dcr-historical-import'),
    ('mhaf743202', cid, 'pranaya vilasam', 'THE GREEN ROOM', '2023-02-24', 60, 'dcr-historical-import'),
    ('mhb0355c79', cid, 'VAAZHA 2', 'ICON CINEMAS', '2026-04-02', 60, 'dcr-historical-import'),
    ('mhb04a2748', cid, 'GANAGANDARVAN', 'AAN MEGA MEDIA', '2019-09-27', 60, 'dcr-historical-import'),
    ('mhb0c9d4db', cid, 'DETECTIVE UJJAWALAN', 'WEEKEND BLOCKBUSTERS', '2025-05-23', 60, 'dcr-historical-import'),
    ('mhb13c631e', cid, 'THEERPU', 'FRIDAY TICKETS', '2022-08-25', 60, 'dcr-historical-import'),
    ('mhb16f7449', cid, 'RAVANAPRABHU', 'AASHIRVAD CINEMAS', '2025-10-10', 50, 'dcr-historical-import'),
    ('mhb19de8d3', cid, 'JO & JO', 'ICON CINEMAS', '2022-05-13', 60, 'dcr-historical-import'),
    ('mhb1cdf357', cid, 'JACK & JILL', 'JOY MOVIE PRODUCTIONS LLP', '2022-05-20', 60, 'dcr-historical-import'),
    ('mhb272c5f2', cid, 'KALLANUM BHAGAVATHIYUM', 'EAST COAST COMMUNICATIONS PVT LTD', '2023-03-31', 60, 'dcr-historical-import'),
    ('mhb298af61', cid, 'THALLUMALA', 'CENTRAL PICTURES', '2022-08-12', 60, 'dcr-historical-import'),
    ('mhb2c64811', cid, 'BAD BOYS', 'E4 ENTERTAINMENTS', '2024-09-13', 60, 'dcr-historical-import'),
    ('mhb36298ee', cid, 'DHOOMAM', 'MAGIC FRAMES', '2023-06-23', 60, 'dcr-historical-import'),
    ('mhb56ea62d', cid, 'KADUVA', 'MAGIC FRAMES', '2022-07-07', 60, 'dcr-historical-import'),
    ('mhb6a40464', cid, 'KURUKSHETRA', 'REDAKH ARTS', '2019-10-18', 50, 'dcr-historical-import'),
    ('mhb6aeea9c', cid, 'ALONE', 'AASHIRVAD CINEMAS', '2023-01-26', 60, 'dcr-historical-import'),
    ('mhb6c350b2', cid, 'A RANJITH CINEMA', 'jupiter pictures', '2023-12-08', 60, 'dcr-historical-import'),
    ('mhb72265eb', cid, 'PREMALU', 'BHAVANA STUDIOES', '2024-02-09', 55, 'dcr-historical-import'),
    ('mhb8dd0665', cid, 'THUDARUM', 'RAJAPUTHRA VISUAL MEDIA', '2025-04-25', 60, 'dcr-historical-import'),
    ('mhb9c25ae6', cid, 'KAATHAL', 'WAYFARER FILMS', '2023-11-23', 60, 'dcr-historical-import'),
    ('mhbabbed36', cid, 'THE GREATEST OF ALL TIME', 'DREAM BIG FILMS', '2024-09-05', 55, 'dcr-historical-import'),
    ('mhbaeeeaae', cid, 'DOCTOR STRANGE', 'UTV SOFTWARE COMMUNICATION LTD', '2022-05-06', 55, 'dcr-historical-import'),
    ('mhbb5ba0ea', cid, 'KARAM 1', 'MERRYLAND CINEMAS', '2025-09-25', 60, 'dcr-historical-import'),
    ('mhbb7f0d79', cid, 'IRAIVAN', 'DREAM BIG FILMS', '2023-09-28', 50, 'dcr-historical-import'),
    ('mhbcf7c8e5', cid, 'PRAAVU', 'WAYFARER FILMS', '2023-09-15', 50, 'dcr-historical-import'),
    ('mhbd05d365', cid, 'LUCIFER', 'Aashirvad Release', '2025-03-20', 40, 'dcr-historical-import'),
    ('mhbdb1b5f0', cid, 'POR THOZHIL', 'E4 ENTERTAINMENTS', '2023-06-09', 50, 'dcr-historical-import'),
    ('mhbe14874d', cid, 'DHURANDHAR', 'PVR INOX PICTURES', '2026-03-18', 52, 'dcr-historical-import'),
    ('mhbe690e03', cid, 'BHARATHANATYAM', 'THOMAS THIRUVALLA FILMS', '2024-08-30', 60, 'dcr-historical-import'),
    ('mhbf62eb73', cid, 'NANPAKAL NERATHU MAYAKAM', 'WAYFARER FILMS', '2023-01-19', 60, 'dcr-historical-import'),
    ('mhbfd9f84b', cid, 'PUSHPA 2', 'E4 ENTERTAINMENTS', '2024-12-05', 55, 'dcr-historical-import'),
    ('mhc472b909', cid, 'TRANSFORMERS', 'E4 ENTERTAINMENTS', '2023-06-09', 55, 'dcr-historical-import'),
    ('mhc5a1d812', cid, 'LUCKY BASKER', 'WAYFARER FILMS', '2024-10-31', 50, 'dcr-historical-import'),
    ('mhc608d476', cid, 'hello mummy', 'dream big films', '2024-11-21', 60, 'dcr-historical-import'),
    ('mhc611bdca', cid, 'PATRIOT', 'AAN MEGA MEDIA', '2026-05-01', 60, 'dcr-historical-import'),
    ('mhc6465cb7', cid, 'MAKAL', 'CENTRAL  PICTURES', '2022-04-29', 60, 'dcr-historical-import'),
    ('mhc6c9e88d', cid, 'VILAAYATHU BUDHA', 'URVASHI THEATERS', '2025-11-25', 60, 'dcr-historical-import'),
    ('mhc72baba5', cid, 'NARIVETTA', 'ICON CINEMAS', '2025-05-23', 60, 'dcr-historical-import'),
    ('mhc79f5c15', cid, 'KONDAAL', 'WEEKEND BLOCKBUSTERS', '2024-09-13', 60, 'dcr-historical-import'),
    ('mhc7d4bc1b', cid, 'FALIMY', 'ICON CINEMAS', '2023-11-17', 60, 'dcr-historical-import'),
    ('mhc7fa6757', cid, 'Alappuzha Gymkhana', 'Central Pictures', '2025-04-10', 60, 'dcr-historical-import'),
    ('mhc8087758', cid, 'KALKI 2898D', 'WAYFARER FILMS', '2024-06-27', 55, 'dcr-historical-import'),
    ('mhc80e9641', cid, 'PHOENIX', 'CENTRAL PICTURES', '2023-11-17', 60, 'dcr-historical-import'),
    ('mhc886802a', cid, 'MUFASA', 'DISNEY', '2024-12-20', 55, 'dcr-historical-import'),
    ('mhc936d0c3', cid, 'MEMBER REMESHAN 9 WARD', 'CENTURY', '2022-02-25', 60, 'dcr-historical-import'),
    ('mhc9b17a07', cid, 'KINGDOM OF THE PLANET OF THE APES', 'UTV', '2024-05-10', 50, 'dcr-historical-import'),
    ('mhca94cab8', cid, 'BOUGAINVILLEA', 'A & A RELEASE', '2024-10-24', 50, 'dcr-historical-import'),
    ('mhcb82766e', cid, 'KAAPA', '', '2022-12-30', 55, 'dcr-historical-import'),
    ('mhccda1828', cid, 'MAHARANI', 'AAN MEGA MEDIA', '2023-11-24', 60, 'dcr-historical-import'),
    ('mhcd7ecfd6', cid, 'PANI', 'DREAM BIG FILMS', '2024-10-24', 60, 'dcr-historical-import'),
    ('mhcfaa4dad', cid, 'BHA BHA BAA', 'DREAM BIG FILMS', '2025-12-18', 60, 'dcr-historical-import'),
    ('mhcfccc829', cid, 'kanuguva', 'dream big films', '2024-11-14', 55, 'dcr-historical-import'),
    ('mhd0d957c6', cid, 'VIDUTHALAI PART -1', 'HR PICTURES', '2023-03-31', 50, 'dcr-historical-import'),
    ('mhd1a7d5e3', cid, 'THEKKU VADAKKU', '', '2024-10-04', 60, 'dcr-historical-import'),
    ('mhd1c6add4', cid, 'JOHN LUTHER', 'CENTURY', '2022-05-27', 60, 'dcr-historical-import'),
    ('mhd3bad427', cid, 'THUG LIFE', 'SREE GOKULAM MOVIES', '2025-06-05', 55, 'dcr-historical-import'),
    ('mhd4d83252', cid, 'Pennu Case', 'E4 ENTERTAINMENTS', '2026-01-09', 60, 'dcr-historical-import'),
    ('mhd509cde7', cid, 'PONNIYIN SELVAN 2', 'SREE GOKULAM MOVIES', '2023-04-28', 55, 'dcr-historical-import'),
    ('mhd5a73d25', cid, 'MANOHARAM', 'CENTURY FILMS', '2019-09-27', 60, 'dcr-historical-import'),
    ('mhd5b14744', cid, 'Grrr…', 'magic frames', '2024-06-14', 60, 'dcr-historical-import'),
    ('mhd6e0666a', cid, 'iyer in arabia', 'wealth I productions', '2024-02-02', 60, 'dcr-historical-import'),
    ('mhd6fb4c1f', cid, 'VOICE OF SATHYANATHAN', 'BADHUSHA CINEMAS', '2023-07-28', 60, 'dcr-historical-import'),
    ('mhd7147730', cid, 'HRIDAYAPOORVAM', 'AASHIRVAD CINEMAS LLP', '2025-09-11', 50, 'dcr-historical-import'),
    ('mhd749b84c', cid, 'KABZAA', 'E4 ENTERTAINMENTS', '2023-03-17', 50, 'dcr-historical-import'),
    ('mhd78cca6f', cid, 'SHAFEEQINTE SANTHOSHAM', 'GOODWILL', '2022-11-25', 60, 'dcr-historical-import'),
    ('mhd8156d3c', cid, 'IDENTITY', 'DREAM BIG FILMS', '2025-01-02', 60, 'dcr-historical-import'),
    ('mhd8472bf6', cid, 'AM AH', 'KAPPI PRODUCTIONS', '2025-01-24', 60, 'dcr-historical-import'),
    ('mhd852d885', cid, 'KOTHU', 'Central pictures', '2022-09-16', 60, 'dcr-historical-import'),
    ('mhd86fb81c', cid, 'Saudi Velleka', 'urvashi', '2022-12-02', 60, 'dcr-historical-import'),
    ('mhd87e6943', cid, 'JOKER', 'CAPITAL CINEMAS', '2019-10-11', 50, 'dcr-historical-import'),
    ('mhd9227474', cid, 'PONNIYIN SELVAN 1', 'SREE GOKULAM MOVIES', '2022-09-30', 55, 'dcr-historical-import'),
    ('mhd92661f8', cid, 'LOVELY', 'OPM CINEMAS', '2025-05-16', 60, 'dcr-historical-import'),
    ('mhdb1690c1', cid, 'SNOW WHITE', '', '2025-03-21', 50, 'dcr-historical-import'),
    ('mhdb2833df', cid, 'JAWAN', 'DREAM BIG FILMS', '2023-09-15', 45, 'dcr-historical-import'),
    ('mhdb478df9', cid, 'Prince & the Family', 'Magic frames', '2025-05-18', 55, 'dcr-historical-import'),
    ('mhdb7d7e1e', cid, 'AAVESHAM', 'A&A RELEASE', '2024-04-11', 60, 'dcr-historical-import'),
    ('mhdb99a5b3', cid, 'TRON 1', '', '2025-10-12', 55, 'dcr-historical-import'),
    ('mhdbc5c27a', cid, 'DIES ERAE', 'E4 EXPERIMENTS', '2025-10-30', 60, 'dcr-historical-import'),
    ('mhdbff19c0', cid, 'VEERAN', 'REMYA FILMS', '2023-06-02', 45, 'dcr-historical-import'),
    ('mhdc55ee8e', cid, 'HAAL', 'JVJ PRODUCTIONS', '2026-01-02', 60, 'dcr-historical-import'),
    ('mhdd4f1efb', cid, 'SANTHOSHAM', 'GOODWILL ENTERTAINMENTS', '2023-02-24', 60, 'dcr-historical-import'),
    ('mhdd8d08a5', cid, 'PADA', 'E4 ENTERTAINMENT', '2022-03-11', 60, 'dcr-historical-import'),
    ('mhddfec077', cid, 'BALTI', 'MOON SHOT ENTERTAINMENTS', '2025-09-26', 60, 'dcr-historical-import'),
    ('mhe07f8344', cid, 'SPADIKAM', 'SMK RELEASE', '2023-02-09', 50, 'dcr-historical-import'),
    ('mhe19a6d86', cid, 'KADINA KADORAMEE ANDAKADAKAM', 'RAJAPUTRA RELEASE', '2023-04-21', 60, 'dcr-historical-import'),
    ('mhe19dcf6c', cid, 'JAYA JAYA JAYA HE', 'ICON CINEMAS', '2022-10-28', 60, 'dcr-historical-import'),
    ('mhe372b200', cid, 'PACHUVUM ALBUTHAVILAKUM', 'KALASANGAM', '2023-04-28', 60, 'dcr-historical-import'),
    ('mhe40e7295', cid, 'ADIOS AMIGO', 'CENTRAL PICTURES', '2024-08-09', 60, 'dcr-historical-import'),
    ('mhe4b042ef', cid, 'SUMATHI VALAVU', 'DREAM BIG FILMS', '2025-08-01', 60, 'dcr-historical-import'),
    ('mhe6e28c42', cid, '1744 WHITE ALTO', 'DREAM BIG FILMS', '2022-11-18', 60, 'dcr-historical-import'),
    ('mhe7019b1a', cid, 'MANDHAKINI', 'SPIRE PRODUCTIONS', '2024-06-07', 60, 'dcr-historical-import'),
    ('mhe7c59ca5', cid, 'abraham ozler', 'aan mega media', '2024-01-11', 60, 'dcr-historical-import'),
    ('mhe8051155', cid, 'VEERA DHEERA SOORAN', 'HR PICTURES', '2025-04-03', 50, 'dcr-historical-import'),
    ('mhe8c38304', cid, 'NAARADHAN', 'OPM CINEMAS', '2022-03-03', 60, 'dcr-historical-import'),
    ('mhea006876', cid, 'ROI ROI BINALE', 'GOENKA ENTERPRISES', '2025-11-01', 45, 'dcr-historical-import'),
    ('mheb234a50', cid, 'DOMINIC AND THE LADIES PURSE', 'WAYFARE FILMS', '2025-01-31', 40, 'dcr-historical-import'),
    ('mheb763e2e', cid, 'JANAKI V Vs STATE OF KERALA', 'DREAM BIG FILMS', '2025-07-17', 60, 'dcr-historical-import'),
    ('mhebfb637f', cid, 'AVATAR :Fire and Ash', 'JIOSTAR INDIA PVT LTD', '2025-12-19', 55, 'dcr-historical-import'),
    ('mhec1c285f', cid, 'THALAVARA', 'CENTRAL PICTURES', '2025-08-22', 60, 'dcr-historical-import'),
    ('mhece5ba8d', cid, 'INNOCENT', 'CENTURY FILMS', '2025-11-07', 60, 'dcr-historical-import'),
    ('mhee9cc68e', cid, 'EKO', 'ICON CINEMAS', '2025-11-21', 60, 'dcr-historical-import'),
    ('mhef0847c7', cid, 'MACHANTE MALAKA', 'DREAM BIG FILMS', '2025-02-27', 60, 'dcr-historical-import'),
    ('mhef9dbfac', cid, 'MALAYANKUNJU', 'CENTURY', '2022-07-22', 60, 'dcr-historical-import'),
    ('mhf2bf108d', cid, 'KOCHAAL', 'CENTURY', '2022-06-10', 60, 'dcr-historical-import'),
    ('mhf5244ab9', cid, 'RAVEENDRA NEE EVIDE', 'ABAAM FILMS', '2025-07-18', 60, 'dcr-historical-import'),
    ('mhf5a28ce4', cid, 'MEI HOOM MOOSA', 'CENTRAL PICTURES', '2022-09-30', 60, 'dcr-historical-import'),
    ('mhf6528a9e', cid, 'AYALVASHI', 'CENTRAL PICTURES', '2023-04-21', 60, 'dcr-historical-import'),
    ('mhf6deeb01', cid, 'PAAPPAN', 'DREAM BIG FILMS', '2022-07-29', 60, 'dcr-historical-import'),
    ('mhf7de6774', cid, 'VISHUDHA MEJO', 'CNC CINEMAS', '2022-09-16', 60, 'dcr-historical-import'),
    ('mhf92d99d9', cid, 'ULLOZHUKKU', 'CENTRAL PICTURES', '2024-06-21', 60, 'dcr-historical-import'),
    ('mhf93262d8', cid, 'ORU JAATHI ORU JAATHAKAM', 'VARNACHITHRAFILMS', '2025-01-31', 60, 'dcr-historical-import'),
    ('mhf93a38d2', cid, 'NALPATHIYONNU', 'LJ FILMS', '2019-11-08', 50, 'dcr-historical-import'),
    ('mhf9ace68e', cid, 'VYSANA SAMETHAM BANDHUMITHRATHIKAL', 'ICON CINEMAS', '2025-06-13', 60, 'dcr-historical-import'),
    ('mhf9d42fb4', cid, 'THUNIVU', 'SREE GOKULAM MOVIES', '2023-01-11', 55, 'dcr-historical-import'),
    ('mhfa827d13', cid, 'DEAR FRIEND', 'CENTRAL PICTURES', '2022-06-10', 60, 'dcr-historical-import'),
    ('mhfaa37ff1', cid, 'SUPER ZINDAGI', 'DREAM BIG FILMS', '2024-08-09', 50, 'dcr-historical-import'),
    ('mhfafa37b5', cid, 'THANKAMANI', 'DREAM BIG FILMS', '2024-03-07', 60, 'dcr-historical-import'),
    ('mhfb9d22de', cid, 'BHEESHMA PARVAM', 'A&A RELEASE', '2022-03-03', 60, 'dcr-historical-import'),
    ('mhfc6e9cfa', cid, 'SUPER SHARANYA', 'CENTRAL PICTURES', '2022-01-07', 60, 'dcr-historical-import'),
    ('mhfdb04584', cid, 'Written & Directed by God', 'GOODWILL FILMS', '2025-06-05', 60, 'dcr-historical-import'),
    ('mhfdd3a8eb', cid, 'MONSTER', 'AASHIRVAD RELEASE', '2022-10-21', 60, 'dcr-historical-import'),
    ('mhfeb15cfc', cid, 'SOOTHRAVAKYAM', 'CENTURY', '2025-07-11', 60, 'dcr-historical-import')
  on conflict (id) do nothing;
end $$;
-- Catalog done. Next: run 02_entries_part1ofN.sql ... in order.

-- 3) Active-layout flags (normalized layer) — historical-era assignments are
-- kept only so old entries compute; the app's active layout stays:
--   Audi 1: cls_royale / cls_lounge / cls_prime
--   Audi 2: 1u1lpa4 (Platinum) / lp9hi7s (Gold) / bsl9hd8 (Silver)
do $$
begin
  if to_regclass('public.screen_classes') is null then
    return;
  end if;
  alter table public.screen_classes
    add column if not exists active boolean not null default true;
  update public.screen_classes sc
  set active = case
    when sc.screen_id = '7gwkvh9'
      then sc.class_id in ('cls_royale', 'cls_lounge', 'cls_prime')
    when sc.screen_id = 'oxnv3cw'
      then sc.class_id in ('1u1lpa4', 'lp9hi7s', 'bsl9hd8')
    else true
  end
  where sc.screen_id in ('7gwkvh9', 'oxnv3cw');
end $$;
